,fixed.acidity,volatile.acidity,citric.acid,residual.sugar,chlorides,free.sulfur.dioxide,total.sulfur.dioxide,density,pH,sulphates,alcohol,quality,type
2531,6.4,0.26,0.43,12.6,0.033,64,230,0.9974,3.08,0.38,8.9,5,white
3398,6.8,0.23,0.29,15.4,0.073,56,173,0.9984,3.06,0.41,8.7,6,white
5384,6.5,0.25,0.27,17.4,0.064,29,140,0.99776,3.2,0.49,10.1,6,white
938,12,0.63,0.5,1.4,0.071,6,26,0.99791,3.07,0.6,10.4,4,red
605,8.3,0.58,0.13,2.9,0.096,14,63,0.9984,3.17,0.62,9.1,6,red
4568,8.4,0.31,0.31,0.95,0.021,52,148,0.99038,2.93,0.32,11.5,5,white
1695,7.1,0.26,0.29,12.4,0.044,62,240,0.9969,3.04,0.42,9.2,6,white
5273,5.4,0.3,0.3,1.2,0.029,25,93,0.98742,3.31,0.4,13.6,7,white
4018,6.3,0.41,0.16,0.9,0.032,25,98,0.99274,3.16,0.42,9.5,5,white
5203,7,0.32,0.27,7.1,0.027,37,122,0.99165,3.15,0.6,12.6,7,white
2495,5.6,0.19,0.39,1.1,0.043,17,67,0.9918,3.23,0.53,10.3,6,white
5690,6.7,0.24,0.3,10.2,0.07,44,179,0.99666,2.86,0.46,8.9,6,white
823,6.7,0.54,0.13,2,0.076,15,36,0.9973,3.61,0.64,9.8,5,red
371,6.9,0.765,0.02,2.3,0.063,35,63,0.9975,3.57,0.78,9.9,5,red
6433,5.6,0.33,0.28,1.2,0.031,33,97,0.99126,3.49,0.58,10.9,6,white
3004,9,0.31,0.48,6.6,0.043,11,73,0.9938,2.9,0.38,11.6,5,white
1512,7.1,0.69,0.04,2.1,0.068,19,27,0.99712,3.44,0.67,9.8,5,red
2796,6.9,0.25,0.26,5.2,0.024,36,135,0.9948,3.16,0.72,10.7,7,white
50,5.6,0.31,0.37,1.4,0.074,12,96,0.9954,3.32,0.58,9.2,5,red
4927,5.8,0.17,0.36,1.3,0.036,11,70,0.99202,3.43,0.68,10.4,7,white
4931,6.8,0.23,0.32,8.6,0.046,47,159,0.99452,3.08,0.52,10.5,6,white
608,8.8,0.48,0.41,3.3,0.092,26,52,0.9982,3.31,0.53,10.5,6,red
1449,6.9,0.58,0.01,1.9,0.08,40,54,0.99683,3.4,0.73,9.7,5,red
6084,5.8,0.555,0.26,4.5,0.053,17,126,0.9943,3.24,0.46,9.1,5,white
1288,8,0.6,0.08,2.6,0.056,3,7,0.99286,3.22,0.37,13,5,red
2658,7.5,0.21,0.34,1.2,0.06,26,111,0.9931,3.51,0.47,10.7,6,white
3260,6.6,0.27,0.49,7.8,0.049,62,217,0.9959,3.17,0.45,9.4,6,white
4208,7.5,0.25,0.32,8.2,0.024,53,209,0.99563,3.12,0.46,10.8,6,white
474,9.9,0.35,0.55,2.1,0.062,5,14,0.9971,3.26,0.79,10.6,5,red
6239,6.9,0.54,0.26,12.7,0.049,59,195,0.99596,3.26,0.54,10.5,6,white
3489,7.6,0.15,0.4,1.3,0.036,24,112,0.9932,3.14,0.76,10,5,white
1378,5.2,0.49,0.26,2.3,0.09,23,74,0.9953,3.71,0.62,12.2,6,red
1735,6.7,0.27,0.31,15.7,0.036,44,179,0.9979,3.26,0.56,9.6,5,white
4510,6.1,0.37,0.2,7.6,0.031,49,170,0.99558,3.22,0.48,9.5,5,white
2405,7.8,0.27,0.58,11.2,0.036,44,161,0.9977,3.06,0.41,8.9,6,white
4720,6.2,0.25,0.42,8,0.049,53,206,0.99586,3.16,0.47,9.1,6,white
1284,8.7,0.63,0.28,2.7,0.096,17,69,0.99734,3.26,0.63,10.2,6,red
2087,6.6,0.34,0.28,1.3,0.035,32,90,0.9916,3.1,0.42,10.7,6,white
2944,7.3,0.23,0.37,1.9,0.041,51,165,0.9908,3.26,0.4,12.2,8,white
3586,7.6,0.16,0.41,1.9,0.047,27,151,0.9937,3.2,0.53,10.1,6,white
5902,7.1,0.39,0.39,11.1,0.034,25,204,0.99616,3.05,0.52,10,6,white
1342,7.5,0.51,0.02,1.7,0.084,13,31,0.99538,3.36,0.54,10.5,6,red
5103,6.9,0.33,0.31,4.2,0.04,21,93,0.9896,3.18,0.48,13.4,7,white
4283,7.1,0.31,0.17,1,0.042,21,144,0.99304,3.13,0.4,9.6,5,white
2919,6.4,0.25,0.53,6.6,0.038,59,234,0.9955,3.03,0.42,8.8,5,white
467,10.3,0.5,0.42,2,0.069,21,51,0.9982,3.16,0.72,11.5,6,red
1881,6.1,0.31,0.58,5,0.039,36,114,0.9909,3.3,0.6,12.3,8,white
3030,7,0.39,0.24,1,0.048,8,119,0.9923,3,0.31,10.1,4,white
2448,8.7,0.23,0.32,13.4,0.044,35,169,0.99975,3.12,0.47,8.8,7,white
3613,6.6,0.32,0.22,16.7,0.046,38,133,0.9979,3.22,0.67,10.4,6,white
1263,9.8,0.45,0.38,2.5,0.081,34,66,0.99726,3.15,0.58,9.8,5,red
2206,7.3,0.25,0.29,7.5,0.049,38,158,0.9965,3.43,0.38,9.6,5,white
2340,6.9,0.39,0.4,4.6,0.022,5,19,0.9915,3.31,0.37,12.6,3,white
1369,8,0.77,0.32,2.1,0.079,16,74,0.99656,3.27,0.5,9.8,6,red
5503,5.8,0.27,0.26,3.5,0.071,26,69,0.98994,3.1,0.38,11.5,6,white
5060,6.8,0.19,0.4,9.85,0.055,41,103,0.99532,2.98,0.56,10.5,6,white
5083,6.1,0.36,0.26,8.15,0.035,14,88,0.99031,3.06,0.27,13,7,white
5882,5.7,0.26,0.24,17.8,0.059,23,124,0.99773,3.3,0.5,10.1,5,white
4758,7.1,0.36,0.37,4.8,0.019,39,114,0.99036,3.08,0.49,12.7,7,white
2577,6.5,0.14,0.33,7.6,0.05,53,189,0.9966,3.25,0.49,8.6,5,white
6464,6,0.41,0.23,1.1,0.066,22,148,0.99266,3.3,0.47,9.633333333,5,white
5218,7.1,0.27,0.24,12.6,0.044,48,118,0.99726,3.04,0.56,10,7,white
995,10,0.35,0.45,2.5,0.092,20,88,0.99918,3.15,0.43,9.4,5,red
1404,7.2,0.33,0.33,1.7,0.061,3,13,0.996,3.23,1.1,10,8,red
3755,7.8,0.29,0.33,8.75,0.035,33,181,0.9962,3.11,0.46,10.7,5,white
960,8,0.59,0.05,2,0.089,12,32,0.99735,3.36,0.61,10,5,red
4202,6.4,0.22,0.34,1.4,0.023,56,115,0.98958,3.18,0.7,11.7,6,white
5277,6.9,0.58,0.58,8.2,0.032,29,169,0.99275,3.28,0.44,12.2,6,white
1000,6.4,0.69,0,1.65,0.055,7,12,0.99162,3.47,0.53,12.9,6,red
4770,7.6,0.17,0.46,0.9,0.036,63,147,0.99126,3.02,0.41,10.7,6,white
6422,6.8,0.23,0.48,1.5,0.036,35,165,0.99162,3.18,0.45,11.3,6,white
5947,7.1,0.23,0.3,2.6,0.034,62,148,0.99121,3.03,0.56,11.3,7,white
1909,6.2,0.31,0.26,4.8,0.037,36,148,0.9928,3.21,0.41,10.4,6,white
5487,7.2,0.24,0.36,2,0.029,21,63,0.99076,3.13,0.63,12.5,6,white
1463,6.8,0.64,0.03,2.3,0.075,14,31,0.99545,3.36,0.58,10.4,6,red
1406,7.7,0.28,0.3,2,0.062,18,34,0.9952,3.28,0.9,11.3,7,red
5090,7.6,0.31,0.24,1.8,0.037,39,150,0.9913,3.05,0.44,11.8,7,white
5493,7,0.34,0.1,3.5,0.044,17,63,0.9937,3.01,0.39,9.2,5,white
1754,8.2,0.23,0.4,7.5,0.049,12,76,0.9966,3.06,0.84,9.7,6,white
5516,7.1,0.37,0.3,6.2,0.04,49,139,0.99021,3.17,0.27,13.6,6,white
933,7.6,0.4,0.29,1.9,0.078,29,66,0.9971,3.45,0.59,9.5,6,red
1110,10.8,0.47,0.43,2.1,0.171,27,66,0.9982,3.17,0.76,10.8,6,red
1821,7.2,0.685,0.21,9.5,0.07,33,172,0.9971,3,0.55,9.1,6,white
2867,8,0.22,0.42,14.6,0.044,45,163,1.0003,3.21,0.69,8.6,7,white
1,7.4,0.7,0,1.9,0.076,11,34,0.9978,3.51,0.56,9.4,5,red
612,13.2,0.38,0.55,2.7,0.081,5,16,1.0006,2.98,0.54,9.4,5,red
3814,7.1,0.26,0.3,2,0.031,13,128,0.9917,3.19,0.49,11.4,5,white
2213,7.5,0.21,0.68,10.9,0.045,38,133,0.9978,3,0.36,8.7,5,white
2446,6.6,0.22,0.37,15.4,0.035,62,153,0.99845,3.02,0.4,9.3,5,white
2972,10.7,0.22,0.56,8.2,0.044,37,181,0.998,2.87,0.68,9.5,6,white
5376,6.9,0.33,0.31,7.7,0.04,29,135,0.99226,3.11,0.57,12.3,5,white
1918,5.9,0.3,0.47,7.85,0.03,19,133,0.9933,3.52,0.43,11.5,7,white
5965,6.3,0.19,0.33,10.1,0.063,63,133,0.99561,2.86,0.41,9.1,5,white
3337,6.9,0.16,0.3,9.6,0.057,50,185,0.9978,3.39,0.38,9.6,6,white
1582,6.2,0.56,0.09,1.7,0.053,24,32,0.99402,3.54,0.6,11.3,5,red
5434,6.5,0.41,0.22,4.8,0.052,49,142,0.9946,3.14,0.62,9.2,5,white
2752,6.1,0.6,0,1.3,0.042,24,79,0.9937,3.31,0.38,9.4,4,white
3162,7.1,0.34,0.49,1.5,0.027,26,126,0.99,3.3,0.33,12.2,7,white
3925,7,0.35,0.17,1.1,0.049,7,119,0.99297,3.13,0.36,9.7,6,white
4537,7.7,0.25,0.3,7.8,0.038,67,196,0.99555,3.1,0.5,10.1,5,white
2889,6.6,0.16,0.3,1.6,0.034,15,78,0.992,3.38,0.44,11.2,6,white
4601,6.6,0.2,0.27,10.9,0.038,29,130,0.99496,3.11,0.44,10.5,7,white
3641,5.5,0.14,0.27,4.6,0.029,22,104,0.9949,3.34,0.44,9,5,white
4380,6.2,0.235,0.34,1.9,0.036,4,117,0.99032,3.4,0.44,12.2,5,white
520,7.3,0.365,0.49,2.5,0.088,39,106,0.9966,3.36,0.78,11,5,red
180,8.8,0.61,0.14,2.4,0.067,10,42,0.9969,3.19,0.59,9.5,5,red
3599,7.3,0.18,0.31,17.3,0.055,32,197,1.0002,3.13,0.46,9,6,white
3303,6.7,0.33,0.42,6.4,0.058,27,151,0.9954,3.16,0.44,9.6,5,white
6361,6.2,0.15,0.27,11,0.035,46,116,0.99602,3.12,0.38,9.1,6,white
6190,6.4,0.33,0.3,7.2,0.041,42,168,0.99331,3.22,0.49,11.1,6,white
1090,11.6,0.41,0.54,1.5,0.095,22,41,0.99735,3.02,0.76,9.9,7,red
2558,6.6,0.2,0.32,1.1,0.039,25,78,0.9926,3.39,0.54,10.2,7,white
4007,7.6,0.31,0.27,5.8,0.036,23,109,0.99399,3.34,0.54,11,6,white
327,11.6,0.53,0.66,3.65,0.121,6,14,0.9978,3.05,0.74,11.5,7,red
4397,6.8,0.35,0.53,10.1,0.053,37,151,0.9963,3.07,0.4,9.4,5,white
2907,9.7,0.14,0.59,1.5,0.049,23,142,0.9958,2.98,0.62,9.5,5,white
1674,6.7,0.23,0.31,2.1,0.046,30,96,0.9926,3.33,0.64,10.7,8,white
1196,6.2,0.43,0.22,1.8,0.078,21,56,0.99633,3.52,0.6,9.5,6,red
1344,7.5,0.51,0.02,1.7,0.084,13,31,0.99538,3.36,0.54,10.5,6,red
5588,6.1,0.2,0.17,1.6,0.048,46,129,0.991,3.3,0.43,11.4,6,white
5314,8.5,0.18,0.3,1.1,0.028,34,95,0.99272,2.83,0.36,10,4,white
2779,7.2,0.2,0.25,4.5,0.044,31,109,0.9949,3.23,0.36,9.4,5,white
1140,8.2,0.51,0.24,2,0.079,16,86,0.99764,3.34,0.64,9.5,6,red
5847,6.6,0.36,0.47,1.4,0.145,26,124,0.99274,3.09,0.56,10.1,6,white
5447,6.4,0.32,0.23,16.2,0.055,36,176,0.9986,3.26,0.54,9.1,5,white
5074,6.5,0.22,0.19,1.1,0.064,36,191,0.99297,3.05,0.5,9.5,6,white
2869,8.4,0.35,0.56,13.8,0.048,55,190,0.9993,3.07,0.58,9.4,6,white
3164,9.1,0.28,0.49,2,0.059,10,112,0.9958,3.15,0.46,10.1,5,white
6103,5.8,0.61,0.01,8.4,0.041,31,104,0.9909,3.26,0.72,14.05,7,white
601,8.2,0.915,0.27,2.1,0.088,7,23,0.9962,3.26,0.47,10,4,red
372,7.9,0.24,0.4,1.6,0.056,11,25,0.9967,3.32,0.87,8.7,6,red
3811,6.9,0.21,0.33,1.4,0.056,35,136,0.9938,3.63,0.78,10.3,6,white
5581,6.3,0.22,0.27,4.5,0.036,81,157,0.9928,3.05,0.76,10.7,7,white
3778,7.6,0.32,0.58,16.75,0.05,43,163,0.9999,3.15,0.54,9.2,5,white
889,6.8,0.57,0,2.5,0.072,32,64,0.99491,3.43,0.56,11.2,6,red
665,12.1,0.4,0.52,2,0.092,15,54,1,3.03,0.66,10.2,5,red
5293,6.8,0.31,0.3,8,0.028,33,122,0.99164,3.13,0.63,12.6,7,white
4464,5.3,0.16,0.39,1,0.028,40,101,0.99156,3.57,0.59,10.6,6,white
3927,7,0.35,0.17,1.1,0.049,7,119,0.99297,3.13,0.36,9.7,6,white
2518,7,0.24,0.34,1.4,0.031,27,107,0.99,3.06,0.39,11.9,6,white
5260,5.8,0.32,0.28,4.3,0.032,46,115,0.98946,3.16,0.57,13,8,white
2097,6.8,0.23,0.32,1.6,0.026,43,147,0.9904,3.29,0.54,12.5,6,white
5555,7,0.16,0.3,2.6,0.043,34,90,0.99047,2.88,0.47,11.2,6,white
3620,7.7,0.26,0.34,6.4,0.05,36,163,0.9937,3.19,0.7,11.5,6,white
2546,8.2,0.345,1,18.2,0.047,55,205,0.99965,2.96,0.43,9.6,5,white
5357,6.5,0.26,0.34,1.4,0.04,25,184,0.99216,3.29,0.46,10.7,5,white
3897,6.5,0.29,0.42,10.6,0.042,66,202,0.99674,3.24,0.53,9.5,6,white
2109,6,0.24,0.27,1.9,0.048,40,170,0.9938,3.64,0.54,10,7,white
1768,7.5,0.29,0.31,8.95,0.055,20,151,0.9968,3.08,0.54,9.3,5,white
6283,6.5,0.33,0.32,1,0.041,39,120,0.99004,3.06,0.37,12.2,6,white
2444,7.3,0.21,0.29,1.6,0.034,29,118,0.9917,3.3,0.5,11,8,white
1411,6.6,0.96,0,1.8,0.082,5,16,0.9936,3.5,0.44,11.9,6,red
3727,9.1,0.33,0.38,1.7,0.062,50.5,344,0.9958,3.1,0.7,9.5,5,white
1063,8,0.38,0.44,1.9,0.098,6,15,0.9956,3.3,0.64,11.4,6,red
4031,6.3,0.29,0.14,7.05,0.045,50,177,0.99564,3.23,0.42,9,5,white
3608,7.2,0.15,0.39,1.8,0.043,21,159,0.9948,3.52,0.47,10,5,white
4345,6.7,0.44,0.22,4.3,0.032,19,99,0.99015,3.26,0.53,12.8,7,white
4785,6.5,0.21,0.4,7.3,0.041,49,115,0.99268,3.21,0.43,11,6,white
658,12,0.5,0.59,1.4,0.073,23,42,0.998,2.92,0.68,10.5,7,red
4816,7.2,0.13,0.46,1.3,0.044,48,111,0.99127,2.97,0.45,11.1,5,white
6106,6.6,0.19,0.28,1.1,0.044,38,100,0.9904,3.22,0.69,11.2,6,white
3210,7.5,0.32,0.49,1.7,0.031,44,109,0.9906,3.07,0.46,12.5,6,white
2235,5.9,0.14,0.25,4.5,0.027,34,140,0.9934,3.49,0.51,10.8,6,white
715,9.9,0.74,0.28,2.6,0.078,21,77,0.998,3.28,0.51,9.8,5,red
3094,7.7,0.35,0.49,8.65,0.033,42,186,0.9931,3.14,0.38,12.4,8,white
2006,5.8,0.28,0.34,4,0.031,40,99,0.9896,3.39,0.39,12.8,7,white
3550,8,0.25,0.13,17.2,0.036,49,219,0.9996,2.96,0.46,9.7,5,white
2209,7.4,0.37,0.35,5.7,0.061,12,94,0.9965,3.48,0.69,10.7,6,white
5625,6.2,0.32,0.45,2.9,0.029,37,94,0.98998,3.25,0.6,12.4,6,white
1971,7.7,0.29,0.48,2.3,0.049,36,178,0.9931,3.17,0.64,10.6,6,white
392,13.7,0.415,0.68,2.9,0.085,17,43,1.0014,3.06,0.8,10,6,red
3315,6.5,0.18,0.34,1.6,0.04,43,148,0.9912,3.32,0.59,11.5,8,white
1715,5.5,0.485,0,1.5,0.065,8,103,0.994,3.63,0.4,9.7,4,white
5437,8,0.27,0.33,1.2,0.05,41,103,0.99002,3,0.45,12.4,6,white
4030,6.4,0.28,0.17,8.3,0.042,61,195,0.99577,3.22,0.46,9.4,5,white
4081,6.4,0.37,0.37,4.85,0.041,39.5,216.5,0.99432,3.1,0.5,9.8,6,white
4178,5.8,0.3,0.27,1.7,0.014,45,104,0.98914,3.4,0.56,12.6,7,white
5721,6.3,0.23,0.22,17.45,0.054,42,151,0.99853,3.12,0.6,9.3,6,white
3740,7.7,0.28,0.35,15.3,0.056,31,117,0.9998,3.27,0.5,9.6,5,white
4948,7.2,0.27,0.28,15.2,0.046,6,41,0.99665,3.17,0.39,10.9,6,white
5275,5.6,0.25,0.19,2.4,0.049,42,166,0.992,3.25,0.43,10.4,6,white
207,12.8,0.3,0.74,2.6,0.095,9,28,0.9994,3.2,0.77,10.8,7,red
896,7.1,0.59,0.01,2.3,0.08,27,43,0.9955,3.42,0.58,10.7,6,red
3649,6.3,0.28,0.24,8.45,0.031,32,172,0.9958,3.39,0.57,9.7,7,white
4170,6.6,0.24,0.28,1.8,0.028,39,132,0.99182,3.34,0.46,11.4,5,white
5177,7.3,0.23,0.27,2.6,0.035,39,120,0.99138,3.04,0.59,11.3,7,white
4926,6.6,0.17,0.28,1.8,0.042,62,178,0.99204,3.15,0.42,10.2,5,white
2389,7.6,0.3,0.27,10.6,0.039,31,119,0.99815,3.27,0.3,9.3,6,white
2047,6.5,0.41,0.24,14,0.048,24,113,0.9982,3.44,0.53,9.8,6,white
3565,6.8,0.27,0.28,13.3,0.076,50,163,0.9979,3.03,0.38,8.6,6,white
5400,8.1,0.2,0.3,1.3,0.036,7,49,0.99242,2.99,0.73,10.3,5,white
1089,11.6,0.41,0.54,1.5,0.095,22,41,0.99735,3.02,0.76,9.9,7,red
3711,6.5,0.22,0.25,17.1,0.05,44,138,1.0001,3.3,0.37,8.8,5,white
533,11.9,0.38,0.49,2.7,0.098,12,42,1.0004,3.16,0.61,10.3,5,red
5937,7.3,0.19,0.27,13.9,0.057,45,155,0.99807,2.94,0.41,8.8,8,white
3429,7.7,0.44,0.24,11.2,0.031,41,167,0.9948,3.12,0.43,11.3,7,white
3228,8.2,0.2,0.49,3.5,0.057,14,108,0.9928,3.19,0.35,11.5,6,white
5574,6.5,0.29,0.52,7.9,0.049,35,192,0.99551,3.16,0.51,9.5,6,white
5731,7.4,0.31,0.26,8.6,0.048,47,206,0.9964,3.26,0.36,9.1,5,white
1314,7,0.36,0.21,2.3,0.086,20,65,0.99558,3.4,0.54,10.1,6,red
964,8.8,0.27,0.39,2,0.1,20,27,0.99546,3.15,0.69,11.2,6,red
2912,9.6,0.25,0.54,1.3,0.04,16,160,0.9938,2.94,0.43,10.5,5,white
1900,6.1,0.41,0,1.6,0.063,36,87,0.9914,3.27,0.67,10.8,6,white
127,8.2,1.33,0,1.7,0.081,3,12,0.9964,3.53,0.49,10.9,5,red
4338,6.9,0.615,0.42,12,0.067,24,131,0.99727,3.19,0.34,9.3,5,white
1461,6.4,0.42,0.09,2.3,0.054,34,64,0.99724,3.41,0.68,10.4,6,red
1704,7.4,0.25,0.37,13.5,0.06,52,192,0.9975,3,0.44,9.1,5,white
1798,7.1,0.32,0.24,13.1,0.05,52,204,0.998,3.1,0.49,8.8,5,white
6326,6.3,0.48,0.48,1.8,0.035,35,96,0.99121,3.49,0.74,12.2,6,white
5301,6.6,0.26,0.22,18.15,0.05,23,139,0.99904,3.06,0.5,9.2,5,white
5652,6.2,0.24,0.22,7.9,0.053,45,149,0.99545,3.23,0.52,9.3,5,white
4519,6.4,0.16,0.32,8.75,0.038,38,118,0.99449,3.19,0.41,10.7,5,white
4538,7,0.12,0.29,10.3,0.039,41,98,0.99564,3.19,0.38,9.8,8,white
4940,6.2,0.3,0.31,1.2,0.048,19,125,0.98999,3.32,0.54,12.6,6,white
6365,5.2,0.3,0.34,1.5,0.038,18,96,0.98942,3.56,0.48,13,8,white
1985,5.1,0.33,0.22,1.6,0.027,18,89,0.9893,3.51,0.38,12.5,7,white
955,7.6,0.43,0.4,2.7,0.082,6,11,0.99538,3.44,0.54,12.2,6,red
1585,6.7,0.32,0.44,2.4,0.061,24,34,0.99484,3.29,0.8,11.6,7,red
1785,6.8,0.29,0.56,11.9,0.043,66,230,0.9972,3.02,0.63,9.3,5,white
1261,8.6,0.635,0.68,1.8,0.403,19,56,0.99632,3.02,1.15,9.3,5,red
3945,8.1,0.24,0.26,11,0.043,41,211,0.99676,3.11,0.49,10,6,white
3204,6.7,0.41,0.01,2.8,0.048,39,137,0.9942,3.24,0.35,9.5,5,white
1787,5.9,0.3,0.23,4.2,0.038,42,119,0.9924,3.15,0.5,11,5,white
6080,5.9,0.22,0.45,22.6,0.12,55,122,0.99636,3.1,0.35,12.8,5,white
508,11.2,0.67,0.55,2.3,0.084,6,13,1,3.17,0.71,9.5,6,red
6152,6.4,0.55,0.26,9.6,0.027,20,104,0.9924,3.22,0.73,13.1,6,white
5431,6.8,0.31,0.19,3.5,0.086,30,130,0.993,2.83,0.44,9.6,5,white
2799,7.4,0.25,0.37,6.9,0.02,14,93,0.9939,3,0.48,10.7,7,white
6469,6.6,0.24,0.33,10.1,0.032,8,81,0.99626,3.19,0.51,9.8,6,white
702,7,0.65,0.02,2.1,0.066,8,25,0.9972,3.47,0.67,9.5,6,red
2391,5.9,0.24,0.3,2,0.033,28,92,0.99225,3.39,0.69,10.9,7,white
3967,7.2,0.3,0.3,8.1,0.05,40,188,0.99652,3.15,0.49,9.1,6,white
6371,6.8,0.27,0.3,13,0.047,69,160,0.99705,3.16,0.5,9.6,6,white
3208,6.9,0.27,0.49,23.5,0.057,59,235,1.0024,2.98,0.47,8.6,5,white
4809,6.4,0.21,0.34,16.05,0.04,56,142,0.99678,3.11,0.38,10.6,5,white
5225,7.7,0.32,0.61,11.8,0.041,66,188,0.99794,3,0.54,9.3,5,white
4902,6.6,0.24,0.28,6.7,0.032,26,91,0.99172,3.13,0.32,12.3,6,white
3785,7.5,0.18,0.31,11.7,0.051,24,94,0.997,3.19,0.44,9.5,7,white
3376,6.6,0.25,0.35,14,0.069,42,163,0.999,3.56,0.47,9.8,5,white
1982,7.5,0.35,0.28,9.6,0.051,26,157,0.9969,3.12,0.53,9.2,6,white
644,9.5,0.59,0.44,2.3,0.071,21,68,0.9992,3.46,0.63,9.5,5,red
6366,6.4,0.32,0.25,5,0.055,28,138,0.99171,3.27,0.5,12.4,8,white
6145,6.3,0.25,0.53,1.8,0.021,41,101,0.989315,3.19,0.31,13,6,white
174,7.4,0.62,0.05,1.9,0.068,24,42,0.9961,3.42,0.57,11.5,6,red
2898,7.3,0.34,0.39,5.2,0.04,45,163,0.9925,3.3,0.47,12.4,6,white
5655,6.8,0.3,0.27,11.6,0.028,22,97,0.99314,2.96,0.38,11.7,6,white
4287,6.6,0.24,0.38,8,0.042,56,187,0.99577,3.21,0.46,9.2,5,white
171,7.9,0.885,0.03,1.8,0.058,4,8,0.9972,3.36,0.33,9.1,4,red
4446,6.9,0.15,0.29,2.3,0.033,14,82,0.99132,3.1,0.58,11.2,7,white
3537,7.3,0.13,0.27,4.6,0.08,34,172,0.9938,3.23,0.39,11.1,7,white
3865,6.9,0.3,0.21,15.7,0.056,49,159,0.99827,3.11,0.48,9,5,white
1922,6.8,0.25,0.34,4.7,0.031,34,134,0.9927,3.21,0.38,10.6,6,white
751,8.3,0.65,0.1,2.9,0.089,17,40,0.99803,3.29,0.55,9.5,5,red
2050,7.2,0.6,0.2,9.9,0.07,21,174,0.9971,3.03,0.54,9.1,5,white
5697,6.4,0.14,0.28,7.9,0.057,21,82,0.99425,3.26,0.36,10,6,white
2854,7,0.16,0.73,1,0.138,58,150,0.9936,3.08,0.3,9.2,5,white
5466,8.4,0.23,0.32,1.3,0.048,59,113,0.99178,3.1,0.55,11,6,white
5166,7.6,0.38,0.28,4.2,0.029,7,112,0.9906,3,0.41,12.6,6,white
954,10.2,0.34,0.48,2.1,0.052,5,9,0.99458,3.2,0.69,12.1,7,red
6116,6.2,0.32,0.32,2.2,0.036,15,70,0.9899,3.16,0.48,12.7,6,white
1161,10.6,0.36,0.57,2.3,0.087,6,20,0.99676,3.14,0.72,11.1,7,red
3200,7,0.29,0.49,3.8,0.047,37,136,0.9938,2.95,0.4,9.4,6,white
4813,7.5,0.18,0.45,4.6,0.041,67,158,0.9927,3.01,0.38,10.6,6,white
794,7.7,0.6,0,2.6,0.055,7,13,0.99639,3.38,0.56,10.8,5,red
6427,6.7,0.22,0.33,1.2,0.036,36,86,0.99058,3.1,0.76,11.4,6,white
2208,6.1,0.28,0.25,17.75,0.044,48,161,0.9993,3.34,0.48,9.5,5,white
1117,7,0.69,0.07,2.5,0.091,15,21,0.99572,3.38,0.6,11.3,6,red
1401,7.9,0.69,0.21,2.1,0.08,33,141,0.9962,3.25,0.51,9.9,5,red
5501,4.8,0.65,0.12,1.1,0.013,4,10,0.99246,3.32,0.36,13.5,4,white
6019,6.6,0.22,0.23,17.3,0.047,37,118,0.99906,3.08,0.46,8.8,6,white
4725,7.4,0.23,0.38,8.6,0.052,41,150,0.99534,3.06,0.46,10.3,5,white
3202,5.6,0.39,0.24,4.7,0.034,27,77,0.9906,3.28,0.36,12.7,5,white
1153,8.3,0.6,0.25,2.2,0.118,9,38,0.99616,3.15,0.53,9.8,5,red
2537,6.1,0.36,0.58,15,0.044,42,115,0.9978,3.15,0.51,9,5,white
3909,8.1,0.28,0.34,1.3,0.035,11,126,0.99232,3.14,0.5,9.8,6,white
307,7.6,0.62,0.32,2.2,0.082,7,54,0.9966,3.36,0.52,9.4,5,red
4152,6.6,0.36,0.52,11.3,0.046,8,110,0.9966,3.07,0.46,9.4,5,white
5568,6.5,0.29,0.52,7.9,0.049,35,192,0.99551,3.16,0.51,9.5,6,white
5899,6.3,0.28,0.3,6.6,0.208,60,154,0.99478,3.1,0.4,9.4,6,white
6150,6.8,0.23,0.33,1.9,0.047,20,101,0.9914,3.1,0.46,11.1,6,white
5951,6.4,0.31,0.28,2.5,0.039,34,137,0.98946,3.22,0.38,12.7,6,white
1530,7.1,0.69,0.08,2.1,0.063,42,52,0.99608,3.42,0.6,10.2,6,red
3302,6.5,0.27,0.19,4.2,0.046,6,114,0.9955,3.25,0.35,8.6,4,white
5800,8,0.24,0.33,1.2,0.044,28,101,0.99035,3.03,0.43,12.5,6,white
907,7.2,0.54,0.27,2.6,0.084,12,78,0.9964,3.39,0.71,11,5,red
4008,7.5,0.705,0.1,13,0.044,44,214,0.99741,3.1,0.5,9.1,5,white
630,7.6,0.685,0.23,2.3,0.111,20,84,0.9964,3.21,0.61,9.3,5,red
5686,7,0.2,0.4,1.1,0.058,30,93,0.99322,3.03,0.38,9.2,6,white
4536,5.2,0.17,0.27,0.7,0.03,11,68,0.99218,3.3,0.41,9.8,5,white
3976,7.2,0.2,0.3,2,0.039,43,188,0.9911,3.3,0.41,12,6,white
3314,6.8,0.3,0.24,6.6,0.123,35,116,0.9953,3.07,0.48,9.4,5,white
137,8.3,0.715,0.15,1.8,0.089,10,52,0.9968,3.23,0.77,9.5,5,red
6191,7,0.33,0.78,9.9,0.042,21,251,0.99435,3.01,0.55,11,6,white
4259,7.1,0.15,0.34,1,0.033,27,73,0.98974,3.24,0.41,12.2,6,white
5044,6.7,0.3,0.44,18.75,0.057,65,224,0.99956,3.11,0.53,9.1,5,white
5021,6.3,0.29,0.28,4.7,0.059,28,81,0.99036,3.24,0.56,12.7,8,white
5769,6.7,0.21,0.34,1.5,0.035,45,123,0.98949,3.24,0.36,12.6,7,white
379,11.4,0.625,0.66,6.2,0.088,6,24,0.9988,3.11,0.99,13.3,6,red
6295,6.7,0.35,0.32,9,0.032,29,113,0.99188,3.13,0.65,12.9,7,white
5620,6.4,0.37,0.12,5.9,0.056,6,91,0.99536,3.06,0.46,8.4,4,white
1058,7.6,0.42,0.25,3.9,0.104,28,90,0.99784,3.15,0.57,9.1,5,red
429,9.1,0.52,0.33,1.3,0.07,9,30,0.9978,3.24,0.6,9.3,5,red
2528,6.5,0.25,0.35,12,0.055,47,179,0.998,3.58,0.47,10,5,white
3589,7.1,0.33,0.3,3.3,0.034,30,102,0.9912,3.08,0.31,12.3,7,white
1934,5.6,0.26,0.26,5.7,0.031,12,80,0.9923,3.25,0.38,10.8,5,white
4278,7.1,0.31,0.17,1,0.042,21,144,0.99304,3.13,0.4,9.6,5,white
1031,7.1,0.59,0,2.1,0.091,9,14,0.99488,3.42,0.55,11.5,7,red
3280,7.6,0.32,0.34,18.35,0.054,44,197,1.0008,3.22,0.55,9,5,white
3165,8.5,0.19,0.49,3.5,0.044,29,117,0.9938,3.14,0.51,10.1,6,white
4066,7.5,0.27,0.79,11.95,0.04,51,159,0.99839,2.98,0.44,8.7,5,white
1875,6.6,0.19,0.41,8.9,0.046,51,169,0.9954,3.14,0.57,9.8,6,white
86,6.9,0.55,0.15,2.2,0.076,19,40,0.9961,3.41,0.59,10.1,5,red
1573,7.3,0.69,0.32,2.2,0.069,35,104,0.99632,3.33,0.51,9.5,5,red
1779,6.4,0.25,0.32,5.5,0.049,41,176,0.995,3.19,0.68,9.2,6,white
6353,5.5,0.16,0.26,1.5,0.032,35,100,0.99076,3.43,0.77,12,6,white
2074,5.5,0.16,0.22,4.5,0.03,30,102,0.9938,3.24,0.36,9.4,6,white
577,9.9,0.5,0.24,2.3,0.103,6,14,0.9978,3.34,0.52,10,4,red
5762,7.4,0.16,0.3,13.7,0.056,33,168,0.99825,2.9,0.44,8.7,7,white
2106,7.3,0.51,0.26,3.3,0.09,7,135,0.9944,3.01,0.52,8.8,5,white
2801,7,0.17,0.37,1.5,0.028,26,75,0.9922,3.3,0.46,10.8,7,white
5639,6.1,1.1,0.16,4.4,0.033,8,109,0.99058,3.35,0.47,12.4,4,white
2270,7.8,0.42,0.26,9.2,0.058,34,199,0.9972,3.14,0.55,9.3,6,white
3441,7.2,0.24,0.29,2.2,0.037,37,102,0.992,3.27,0.64,11,7,white
3995,7,0.27,0.29,3.9,0.059,28,199,0.9961,3.54,0.59,10.3,5,white
1913,5.7,0.36,0.21,6.7,0.038,51,166,0.9941,3.29,0.63,10,6,white
3974,7.2,0.2,0.3,2,0.039,43,188,0.9911,3.3,0.41,12,6,white
3839,6.9,0.44,0.42,8.5,0.048,10,147,0.9974,3.32,0.46,9.5,6,white
2824,7.2,0.23,0.39,2.3,0.033,29,102,0.9908,3.26,0.54,12.3,7,white
655,8.6,0.47,0.47,2.4,0.074,7,29,0.9979,3.08,0.46,9.5,5,red
1395,6.4,0.57,0.14,3.9,0.07,27,73,0.99669,3.32,0.48,9.2,5,red
1855,6.7,0.26,0.39,1.1,0.04,45,147,0.9935,3.32,0.58,9.6,8,white
5436,8,0.27,0.33,1.2,0.05,41,103,0.99002,3,0.45,12.4,6,white
6396,6.4,0.105,0.29,1.1,0.035,44,140,0.99142,3.17,0.55,10.7,7,white
6216,7.3,0.28,0.37,1.2,0.039,26,99,0.99198,3.01,0.62,10.8,5,white
146,8.1,0.67,0.55,1.8,0.117,32,141,0.9968,3.17,0.62,9.4,5,red
290,11.6,0.42,0.53,3.3,0.105,33,98,1.001,3.2,0.95,9.2,5,red
5959,7.2,0.34,0.2,5.8,0.062,52,203,0.99461,3.17,0.44,9.8,6,white
828,7.1,0.46,0.14,2.8,0.076,15,37,0.99624,3.36,0.49,10.7,5,red
4456,5.6,0.18,0.58,1.25,0.034,29,129,0.98984,3.51,0.6,12,7,white
5418,5.1,0.35,0.26,6.8,0.034,36,120,0.99188,3.38,0.4,11.5,6,white
1340,7.5,0.51,0.02,1.7,0.084,13,31,0.99538,3.36,0.54,10.5,6,red
4742,7.8,0.17,0.5,1.3,0.045,35,140,0.9904,3.16,0.4,12,6,white
122,8.8,0.55,0.04,2.2,0.119,14,56,0.9962,3.21,0.6,10.9,6,red
2627,8,0.55,0.17,8.2,0.04,13,60,0.9956,3.09,0.3,9.5,4,white
5183,7.7,0.24,0.3,1.4,0.041,15,102,0.9929,3.26,0.53,10.4,6,white
3652,6.8,0.21,0.27,18.15,0.042,41,146,1.0001,3.3,0.36,8.7,5,white
5502,6.1,0.22,0.38,2.8,0.144,12,65,0.9908,2.95,0.64,11.4,6,white
1967,6.9,0.33,0.21,1,0.053,39,148,0.9927,3.12,0.45,9.4,6,white
1061,11.6,0.23,0.57,1.8,0.074,3,8,0.9981,3.14,0.7,9.9,6,red
248,8.2,0.6,0.17,2.3,0.072,11,73,0.9963,3.2,0.45,9.3,5,red
3197,6.4,0.27,0.49,7.3,0.046,53,206,0.9956,3.24,0.43,9.2,6,white
347,6.6,0.815,0.02,2.7,0.072,17,34,0.9955,3.58,0.89,12.3,7,red
4659,8.5,0.19,0.48,1.1,0.026,23,58,0.99184,2.9,0.5,10.5,6,white
721,8.4,0.56,0.04,2,0.082,10,22,0.9976,3.22,0.44,9.6,5,red
4555,7.4,0.35,0.24,6,0.042,28,123,0.99304,3.14,0.44,11.3,5,white
5557,7.7,0.31,0.36,4.3,0.026,15,87,0.99152,3.11,0.48,12,5,white
1524,6.8,0.48,0.25,2,0.076,29,61,0.9953,3.34,0.6,10.4,5,red
374,7.4,0.55,0.22,2.2,0.106,12,72,0.9959,3.05,0.63,9.2,5,red
2608,6.6,0.22,0.37,1.2,0.059,45,199,0.993,3.37,0.55,10.3,7,white
2596,6,0.26,0.34,1.3,0.046,6,29,0.9924,3.29,0.63,10.4,5,white
151,7.3,0.33,0.47,2.1,0.077,5,11,0.9958,3.33,0.53,10.3,6,red
2717,8.1,0.45,0.34,8.3,0.037,33,216,0.9976,3.31,0.64,9.7,5,white
5772,6.8,0.34,0.27,5.2,0.06,14,169,0.99252,3.27,0.57,11.6,6,white
787,9.9,0.35,0.41,2.3,0.083,11,61,0.9982,3.21,0.5,9.5,5,red
1454,7.6,0.49,0.33,1.9,0.074,27,85,0.99706,3.41,0.58,9,5,red
4651,7.5,0.33,0.38,8.7,0.126,49,199,0.99711,2.98,0.57,9.4,5,white
3571,6.3,0.41,0.3,3.2,0.03,49,164,0.9927,3.53,0.79,11.7,7,white
5239,6.7,0.13,0.32,3.7,0.017,32,99,0.99348,3.12,0.44,10,6,white
2066,7,0.14,0.32,9,0.039,54,141,0.9956,3.22,0.43,9.4,6,white
3532,9.2,0.71,0.23,6.2,0.042,15,93,0.9948,2.89,0.34,10.1,6,white
1596,5.9,0.55,0.1,2.2,0.062,39,51,0.99512,3.52,0.76,11.2,6,red
3120,8.3,0.2,0.49,1.7,0.038,38,167,0.9939,3.05,0.37,10.1,6,white
5906,6.1,0.24,0.27,11.5,0.05,51,133,0.99476,3.22,0.37,10.8,6,white
4777,5.6,0.41,0.22,7.1,0.05,44,154,0.9931,3.3,0.4,10.5,5,white
1686,7.2,0.39,0.63,11,0.044,55,156,0.9974,3.09,0.44,8.7,6,white
441,12.6,0.31,0.72,2.2,0.072,6,29,0.9987,2.88,0.82,9.8,8,red
603,7.7,0.835,0,2.6,0.081,6,14,0.9975,3.3,0.52,9.3,5,red
319,9.8,0.66,0.39,3.2,0.083,21,59,0.9989,3.37,0.71,11.5,7,red
1976,6.4,0.31,0.28,1.5,0.037,12,119,0.9919,3.32,0.51,10.4,7,white
1724,6.4,0.13,0.47,1.6,0.092,40,158,0.9928,3.21,0.36,9.8,6,white
5840,6.5,0.26,0.24,10.8,0.042,47,130,0.996,3.08,0.4,10.1,6,white
349,9.6,0.56,0.31,2.8,0.089,15,46,0.9979,3.11,0.92,10,6,red
5289,7,0.22,0.26,9.2,0.027,37,122,0.99228,3.06,0.34,12.5,8,white
3342,6.3,0.25,0.23,14.9,0.039,47,142,0.99705,3.14,0.35,9.7,6,white
1555,6.6,0.855,0.02,2.4,0.062,15,23,0.99627,3.54,0.6,11,6,red
2123,5.8,0.36,0.32,1.7,0.033,22,96,0.9898,3.03,0.38,11.2,6,white
4245,6.7,0.12,0.3,5.2,0.048,38,113,0.99352,3.33,0.44,10.1,7,white
282,7.7,0.27,0.68,3.5,0.358,5,10,0.9972,3.25,1.08,9.9,7,red
4043,6.6,0.32,0.33,2.5,0.052,40,219.5,0.99316,3.15,0.6,10,5,white
2245,6.3,0.26,0.25,7.8,0.058,44,166,0.9961,3.24,0.41,9,5,white
3022,5.3,0.165,0.24,1.1,0.051,25,105,0.9925,3.32,0.47,9.1,5,white
1137,10.4,0.52,0.45,2,0.08,6,13,0.99774,3.22,0.76,11.4,6,red
3769,7.4,0.19,0.3,12.8,0.053,48.5,229,0.9986,3.14,0.49,9.1,7,white
2765,6,0.24,0.32,6.3,0.03,34,129,0.9946,3.52,0.41,10.4,5,white
3112,7.3,0.22,0.49,9.4,0.034,29,134,0.9939,2.99,0.32,11,7,white
5108,6.7,0.29,0.45,14.3,0.054,30,181,0.99869,3.14,0.57,9.1,5,white
4722,5.6,0.18,0.27,1.7,0.03,31,103,0.98892,3.35,0.37,12.9,6,white
5128,6.9,0.75,0.13,6.3,0.036,19,50,0.99312,3.09,0.25,11.1,4,white
1021,11.3,0.36,0.66,2.4,0.123,3,8,0.99642,3.2,0.53,11.9,6,red
5426,5.1,0.35,0.26,6.8,0.034,36,120,0.99188,3.38,0.4,11.5,6,white
6147,5.9,0.29,0.32,1.4,0.022,17,47,0.9899,3.35,0.35,11.5,6,white
5223,6.8,0.45,0.28,26.05,0.031,27,122,1.00295,3.06,0.42,10.6,6,white
2691,7.2,0.21,0.35,14.5,0.048,35,178,0.9982,3.05,0.47,8.9,6,white
3071,7.8,0.43,0.49,13,0.033,37,158,0.9955,3.14,0.35,11.3,6,white
4349,7.3,0.26,0.33,11.8,0.057,48,127,0.99693,3.1,0.55,10,6,white
6069,6.4,0.23,0.27,2.1,0.042,35,100,0.99094,3.03,0.63,10.9,6,white
990,9.7,0.295,0.4,1.5,0.073,14,21,0.99556,3.14,0.51,10.9,6,red
2211,7.4,0.24,0.4,4.3,0.032,9,95,0.992,3.09,0.39,11.1,6,white
2925,7.7,0.32,0.48,2.3,0.04,28,114,0.9911,3.2,0.52,12.8,7,white
4888,6.6,0.2,0.14,4.4,0.184,35,168,0.99396,2.93,0.45,9.4,6,white
5795,7.1,0.45,0.24,2.7,0.04,24,87,0.98862,2.94,0.38,13.4,8,white
550,9,0.53,0.49,1.9,0.171,6,25,0.9975,3.27,0.61,9.4,6,red
316,7.1,0.35,0.29,2.5,0.096,20,53,0.9962,3.42,0.65,11,6,red
1159,6.7,0.41,0.43,2.8,0.076,22,54,0.99572,3.42,1.16,10.6,6,red
4353,5.8,0.315,0.27,1.55,0.026,15,70,0.98994,3.37,0.4,11.9,8,white
1141,7.3,0.4,0.3,1.7,0.08,33,79,0.9969,3.41,0.65,9.5,6,red
4735,6.6,0.39,0.39,11.9,0.057,51,221,0.99851,3.26,0.51,8.9,6,white
660,7.1,0.84,0.02,4.4,0.096,5,13,0.997,3.41,0.57,11,4,red
1839,6.2,0.25,0.21,15.55,0.039,28,159,0.9982,3.48,0.64,9.6,6,white
153,7.5,0.6,0.03,1.8,0.095,25,99,0.995,3.35,0.54,10.1,5,red
3047,7.4,0.16,0.49,1.2,0.055,18,150,0.9917,3.23,0.47,11.2,6,white
5796,5.8,0.22,0.29,1.3,0.036,25,68,0.98865,3.24,0.35,12.6,6,white
3097,6.8,0.27,0.49,1.2,0.044,35,126,0.99,3.13,0.48,12.1,7,white
6375,5,0.27,0.4,1.2,0.076,42,124,0.99204,3.32,0.47,10.1,6,white
2496,6.8,0.18,0.28,8.7,0.047,52,242,0.9952,3.22,0.53,10.5,6,white
1294,7.5,0.755,0,1.9,0.084,6,12,0.99672,3.34,0.49,9.7,4,red
1328,6.7,0.46,0.24,1.7,0.077,18,34,0.9948,3.39,0.6,10.6,6,red
5204,7.4,0.36,0.23,1.9,0.017,31,69,0.9892,2.93,0.36,12.5,6,white
5647,6.9,0.19,0.35,13.5,0.038,49,118,0.99546,3,0.63,10.7,6,white
3350,7.4,0.18,0.3,10.4,0.045,44,174,0.9966,3.11,0.57,9.7,6,white
1800,6.8,0.27,0.26,16.1,0.049,55,196,0.9984,3.15,0.5,9.3,5,white
5925,6.4,0.24,0.26,8.2,0.054,47,182,0.99538,3.12,0.5,9.5,5,white
6163,5.6,0.26,0.27,10.6,0.03,27,119,0.9947,3.4,0.34,10.7,7,white
6313,6.4,0.28,0.28,3,0.04,19,98,0.99216,3.25,0.47,11.1,6,white
2380,6,0.395,0,1.4,0.042,7,55,0.99135,3.37,0.38,11.2,4,white
766,9.2,0.67,0.1,3,0.091,12,48,0.99888,3.31,0.54,9.5,6,red
2406,6.4,0.31,0.26,13.2,0.046,57,205,0.9975,3.17,0.41,9.6,5,white
2922,5.1,0.31,0.3,0.9,0.037,28,152,0.992,3.54,0.56,10.1,6,white
3761,6.8,0.37,0.28,4,0.03,29,79,0.99,3.23,0.46,12.4,7,white
4684,6.6,0.17,0.35,2.6,0.03,33,78,0.99146,3.22,0.72,11.3,6,white
4780,6.5,0.24,0.38,1,0.027,31,90,0.98926,3.24,0.36,12.3,6,white
4260,6.7,0.33,0.34,6.6,0.067,35,156,0.99542,3.11,0.48,9.3,6,white
3276,7,0.35,0.3,6.5,0.028,27,87,0.9936,3.4,0.42,11.4,7,white
5172,7.6,0.38,0.28,4.2,0.029,7,112,0.9906,3,0.41,12.6,6,white
6378,5.8,0.315,0.19,19.4,0.031,28,106,0.99704,2.97,0.4,10.55,6,white
4276,7.6,0.1,0.33,1,0.031,33,93,0.99094,3.06,0.68,11.2,6,white
6296,6.1,0.15,0.4,1.2,0.03,19,84,0.98926,3.19,0.96,13,6,white
4694,9.7,0.24,0.49,4.9,0.032,3,18,0.99368,2.85,0.54,10,6,white
892,7.2,0.66,0.03,2.3,0.078,16,86,0.99743,3.53,0.57,9.7,5,red
821,7,0.685,0,1.9,0.099,9,22,0.99606,3.34,0.6,9.7,5,red
999,8.9,0.84,0.34,1.4,0.05,4,10,0.99554,3.12,0.48,9.1,6,red
3764,8.4,0.22,0.28,18.8,0.028,55,130,0.998,2.96,0.35,11.6,5,white
208,7.8,0.57,0.31,1.8,0.069,26,120,0.99625,3.29,0.53,9.3,5,red
3519,7.3,0.22,0.5,13.7,0.049,56,189,0.9994,3.24,0.66,9,6,white
3655,7.3,0.29,0.29,4.6,0.029,27,155,0.9931,3.07,0.26,10.6,6,white
2013,7.2,0.19,0.39,1.2,0.036,32,85,0.9918,3.16,0.5,10.5,5,white
5199,6.6,0.39,0.38,9.7,0.053,49,226,0.99787,3.3,0.57,9.4,6,white
4923,7.1,0.17,0.31,1.6,0.037,15,103,0.991,3.14,0.5,12,6,white
3327,7.6,0.445,0.44,14.5,0.045,68,212,0.9986,3.48,0.36,10,6,white
2156,8.4,0.35,0.71,12.2,0.046,22,160,0.9982,2.98,0.65,9.4,5,white
353,7.7,0.665,0,2.4,0.09,8,19,0.9974,3.27,0.73,9.3,5,red
221,7.8,0.34,0.37,2,0.082,24,58,0.9964,3.34,0.59,9.4,6,red
3173,7.8,0.26,0.49,3.1,0.045,21,116,0.9931,3.16,0.35,10.3,5,white
528,7,0.38,0.49,2.5,0.097,33,85,0.9962,3.39,0.77,11.4,6,red
3227,8.9,0.32,0.49,1.6,0.05,17,131,0.9956,3.13,0.34,9.4,5,white
6444,4.8,0.29,0.23,1.1,0.044,38,180,0.98924,3.28,0.34,11.9,6,white
4403,5.5,0.15,0.32,14,0.031,16,99,0.99437,3.26,0.38,11.5,8,white
1148,10,0.41,0.45,6.2,0.071,6,14,0.99702,3.21,0.49,11.8,7,red
2631,6.2,0.34,0.29,7.6,0.047,45,232,0.9955,3.35,0.62,10,6,white
5550,4.9,0.345,0.34,1,0.068,32,143,0.99138,3.24,0.4,10.1,5,white
3889,7.3,0.4,0.28,6.5,0.037,26,97,0.99148,3.16,0.58,12.6,7,white
1311,7.5,0.61,0.26,1.9,0.073,24,88,0.99612,3.3,0.53,9.8,5,red
756,7.8,0.91,0.07,1.9,0.058,22,47,0.99525,3.51,0.43,10.7,6,red
3088,6.5,0.26,0.74,13.3,0.044,68,224,0.9972,3.18,0.54,9.5,6,white
3341,7.7,0.38,0.4,2,0.038,28,152,0.9906,3.18,0.32,12.9,6,white
3851,7.4,0.18,0.29,1.4,0.042,34,101,0.99384,3.54,0.6,10.5,7,white
5048,6.7,0.47,0.29,4.75,0.034,29,134,0.99056,3.29,0.46,13,7,white
1135,8.5,0.28,0.35,1.7,0.061,6,15,0.99524,3.3,0.74,11.8,7,red
1522,6.9,0.48,0.2,1.9,0.082,9,23,0.99585,3.39,0.43,9.05,4,red
2952,5.7,0.21,0.24,2.3,0.047,60,189,0.995,3.65,0.72,10.1,6,white
3849,6.3,0.27,0.18,7.7,0.048,45,186,0.9962,3.23,0.47,9,5,white
5055,7.3,0.23,0.24,0.9,0.031,29,86,0.98926,2.9,0.38,12.2,6,white
3972,6,0.33,0.18,3,0.036,5,85,0.99125,3.28,0.4,11.5,4,white
1865,6.9,0.29,0.4,19.45,0.043,36,156,0.9996,2.93,0.47,8.9,5,white
1652,6.2,0.16,0.33,1.1,0.057,21,82,0.991,3.32,0.46,10.9,7,white
1541,6.2,0.52,0.08,4.4,0.071,11,32,0.99646,3.56,0.63,11.6,6,red
1467,7.3,0.48,0.32,2.1,0.062,31,54,0.99728,3.3,0.65,10,7,red
1469,7.3,0.48,0.32,2.1,0.062,31,54,0.99728,3.3,0.65,10,7,red
4224,6.15,0.21,0.37,3.2,0.021,20,80,0.99076,3.39,0.47,12,5,white
6065,6.6,0.26,0.56,15.4,0.053,32,141,0.9981,3.11,0.49,9.3,5,white
4028,7.3,0.22,0.26,1.5,0.04,32,172,0.99194,3.27,0.48,11.2,6,white
5878,5.6,0.18,0.29,2.3,0.04,5,47,0.99126,3.07,0.45,10.1,4,white
1134,7.2,0.48,0.07,5.5,0.089,10,18,0.99684,3.37,0.68,11.2,7,red
1464,6.9,0.63,0.01,2.4,0.076,14,39,0.99522,3.34,0.53,10.8,6,red
1144,7,0.22,0.3,1.8,0.065,16,20,0.99672,3.61,0.82,10,6,red
5864,5.8,0.2,0.16,1.4,0.042,44,99,0.98912,3.23,0.37,12.2,6,white
310,7.4,0.29,0.38,1.7,0.062,9,30,0.9968,3.41,0.53,9.5,6,red
2519,8.6,0.18,0.4,1.1,0.04,20,107,0.9923,2.94,0.32,10.2,7,white
2021,7,0.21,0.28,8.7,0.045,37,222,0.9954,3.25,0.54,10.4,6,white
5571,6.4,0.17,0.3,2.8,0.034,33,125,0.99152,3.03,0.49,10.4,6,white
4511,6.2,0.36,0.14,8.9,0.036,38,155,0.99622,3.27,0.5,9.4,5,white
4995,6.6,0.26,0.46,7.8,0.047,48,186,0.9958,3.2,0.54,9.1,5,white
1937,5.8,0.27,0.27,12.3,0.045,55,170,0.9972,3.28,0.42,9.3,6,white
2798,7.1,0.26,0.32,14.45,0.074,29,107,0.998,2.96,0.42,9.2,6,white
4186,6.8,0.18,0.3,12.8,0.062,19,171,0.99808,3,0.52,9,7,white
5822,6.1,0.38,0.14,3.9,0.06,27,113,0.99344,3.07,0.34,9.2,4,white
5283,6.8,0.15,0.41,12.9,0.044,79.5,183,0.99742,3.24,0.78,10.2,6,white
2942,8.4,0.58,0.27,12.15,0.033,37,116,0.9959,2.99,0.39,10.8,6,white
1106,6.3,0.57,0.28,2.1,0.048,13,49,0.99374,3.41,0.6,12.8,5,red
2574,7.1,0.13,0.38,1.8,0.046,14,114,0.9925,3.32,0.9,11.7,6,white
937,8.8,0.3,0.38,2.3,0.06,19,72,0.99543,3.39,0.72,11.8,6,red
2240,5.6,0.235,0.29,1.2,0.047,33,127,0.991,3.34,0.5,11,7,white
1531,6.6,0.44,0.09,2.2,0.063,9,18,0.99444,3.42,0.69,11.3,6,red
1812,7,0.16,0.32,8.3,0.045,38,126,0.9958,3.21,0.34,9.2,5,white
3806,8.9,0.24,0.33,15.75,0.035,16,132,0.996,3,0.37,12.1,6,white
3753,7.5,0.18,0.39,1.9,0.054,23,91,0.9941,3.27,0.45,10.3,6,white
2163,7.4,0.3,0.22,1.4,0.046,16,135,0.9928,3.08,0.77,10.4,7,white
1791,6.8,0.28,0.4,22,0.048,48,167,1.001,2.93,0.5,8.7,5,white
6139,8.3,0.14,0.36,8.8,0.026,13,60,0.9956,3.13,0.35,11.05,5,white
3108,6.8,0.21,0.49,14.5,0.06,50,170,0.9991,3.55,0.44,9.8,6,white
2500,6.6,0.2,0.38,7.9,0.052,30,145,0.9947,3.32,0.56,11,7,white
2288,7.2,0.28,0.3,10.7,0.044,61,222,0.9972,3.14,0.5,9.1,6,white
4501,6.5,0.22,0.32,2.2,0.028,36,92,0.99076,3.27,0.59,11.9,7,white
768,7.5,0.6,0.32,2.7,0.103,13,98,0.99938,3.45,0.62,9.5,5,red
1993,7.3,0.24,0.43,2,0.021,20,69,0.99,3.08,0.56,12.2,6,white
1905,7.3,0.41,0.24,6.8,0.057,41,163,0.9949,3.2,0.41,9.9,6,white
4718,5.9,0.28,0.39,1.4,0.031,47,147,0.98836,3.08,0.64,12.9,7,white
3490,7.7,0.3,0.42,14.3,0.045,45,213,0.9991,3.18,0.63,9.2,5,white
3745,7.2,0.2,0.31,10,0.054,49,165,0.997,3.4,0.42,9.9,6,white
3114,7.4,0.19,0.49,9.3,0.03,26,132,0.994,2.99,0.32,11,7,white
3069,7.2,0.4,0.49,1.1,0.048,11,138,0.9929,3.01,0.42,9.3,5,white
6167,5.8,0.28,0.66,9.1,0.039,26,159,0.9965,3.66,0.55,10.8,5,white
1636,6.5,0.39,0.23,5.4,0.051,25,149,0.9934,3.24,0.35,10,5,white
5570,6.7,0.18,0.31,10.6,0.035,42,143,0.99572,3.08,0.49,9.8,7,white
6421,7,0.24,0.47,1.3,0.043,18,131,0.99176,3.19,0.45,11,6,white
627,8.8,0.6,0.29,2.2,0.098,5,15,0.9988,3.36,0.49,9.1,5,red
4843,6.6,0.34,0.24,3.3,0.034,29,99,0.99031,3.1,0.4,12.3,7,white
1685,7.1,0.44,0.62,11.8,0.044,52,152,0.9975,3.12,0.46,8.7,6,white
5323,5.7,0.265,0.28,6.9,0.036,46,150,0.99299,3.36,0.44,10.8,7,white
4713,6.5,0.24,0.39,17.3,0.052,22,126,0.99888,3.11,0.47,9.2,6,white
2541,6.3,0.27,0.46,11.75,0.037,61,212,0.9971,3.25,0.53,9.5,6,white
4776,7.3,0.2,0.39,2.3,0.048,24,87,0.99044,2.94,0.35,12,6,white
3749,6.8,0.24,0.34,5.1,0.038,31,99,0.9921,3.24,0.46,11.8,6,white
96,4.7,0.6,0.17,2.3,0.058,17,106,0.9932,3.85,0.6,12.9,6,red
3870,7.3,0.19,0.25,1.4,0.051,41,107,0.99382,3.53,0.66,10.5,7,white
3915,7.7,0.42,0.38,8.1,0.061,49,144,0.9966,3.4,0.58,11,6,white
1208,9.9,0.72,0.55,1.7,0.136,24,52,0.99752,3.35,0.94,10,5,red
57,10.2,0.42,0.57,3.4,0.07,4,10,0.9971,3.04,0.63,9.6,5,red
1666,6.4,0.26,0.24,6.4,0.04,27,124,0.9903,3.22,0.49,12.6,7,white
4969,7,0.22,0.28,10.6,0.039,32,117,0.99355,3.05,0.55,11.5,7,white
3816,7.8,0.3,0.37,1.3,0.051,16,96,0.9941,3.32,0.62,10,5,white
4915,5.8,0.18,0.37,1.2,0.036,19,74,0.98853,3.09,0.49,12.7,7,white
5492,6,0.21,0.3,8.7,0.036,47,127,0.99368,3.18,0.39,10.6,5,white
1241,7.5,0.61,0.2,1.7,0.076,36,60,0.99494,3.1,0.4,9.3,5,red
1237,7.8,0.55,0,1.7,0.07,7,17,0.99659,3.26,0.64,9.4,6,red
2215,7.5,0.23,0.68,11,0.047,37,133,0.9978,2.99,0.38,8.8,5,white
2492,5.9,0.26,0.3,1,0.036,38,114,0.9928,3.58,0.48,9.4,5,white
2081,5.9,0.36,0.41,1.3,0.047,45,104,0.9917,3.33,0.51,10.6,6,white
3993,6.4,0.17,0.34,1.5,0.093,43,136,0.9938,3.25,0.49,9.6,6,white
1393,7.1,0.62,0.06,1.3,0.07,5,12,0.9942,3.17,0.48,9.8,5,red
5297,6.8,0.15,0.41,12.9,0.044,79.5,182,0.99742,3.24,0.78,10.2,6,white
3471,7,0.21,0.22,5.1,0.048,38,168,0.9945,3.34,0.49,10.4,6,white
661,7.2,0.52,0.07,1.4,0.074,5,20,0.9973,3.32,0.81,9.6,6,red
5601,6.4,0.25,0.57,1,0.062,21,122,0.99238,3,0.4,9.5,5,white
1466,6.8,0.59,0.1,1.7,0.063,34,53,0.9958,3.41,0.67,9.7,5,red
2045,7.1,0.32,0.32,11,0.038,16,66,0.9937,3.24,0.4,11.5,3,white
4069,6.8,0.34,0.1,1.4,0.049,29,118,0.9936,3.21,0.41,9.5,5,white
4087,7.9,0.27,0.27,1.7,0.034,25,122,0.99088,2.97,0.51,11.9,6,white
4405,7.3,0.2,0.26,1.6,0.04,36,123,0.99238,3.34,0.44,10.8,6,white
4746,6.2,0.23,0.36,17.2,0.039,37,130,0.99946,3.23,0.43,8.8,6,white
2138,6.1,0.24,0.3,1.5,0.045,22,61,0.992,3.31,0.54,10.4,5,white
4959,6.5,0.43,0.28,11.25,0.032,31,87,0.9922,3.02,0.38,12.4,6,white
2928,5.2,0.37,0.33,1.2,0.028,13,81,0.9902,3.37,0.38,11.7,6,white
799,9.4,0.5,0.34,3.6,0.082,5,14,0.9987,3.29,0.52,10.7,6,red
2545,6.7,0.15,0.29,5,0.058,28,105,0.9946,3.52,0.44,10.2,7,white
1170,7.6,0.5,0.29,2.3,0.086,5,14,0.99502,3.32,0.62,11.5,6,red
902,7.4,0.635,0.1,2.4,0.08,16,33,0.99736,3.58,0.69,10.8,7,red
936,8.8,0.3,0.38,2.3,0.06,19,72,0.99543,3.39,0.72,11.8,6,red
54,8.6,0.38,0.36,3,0.081,30,119,0.997,3.2,0.56,9.4,5,red
2743,7.2,0.24,0.3,1.6,0.048,27,131,0.9933,3.25,0.45,10.5,5,white
3084,7.5,0.32,0.24,4.6,0.053,8,134,0.9958,3.14,0.5,9.1,3,white
2100,7.2,0.28,0.54,16.7,0.045,54,200,0.999,3.08,0.49,9.5,6,white
4465,5.6,0.19,0.46,1.1,0.032,33,115,0.9909,3.36,0.5,10.4,6,white
5393,6.3,0.32,0.26,12,0.049,63,170,0.9961,3.14,0.55,9.9,6,white
5908,6.2,0.26,0.29,2,0.036,16,87,0.99081,3.33,0.61,11.8,6,white
5214,6.4,0.38,0.24,7.2,0.047,41,151,0.99604,3.11,0.6,9.2,5,white
2048,6.5,0.41,0.24,14,0.048,24,113,0.9982,3.44,0.53,9.8,6,white
2447,9.2,0.34,0.27,1.2,0.026,17,73,0.9921,3.08,0.39,10.8,5,white
2498,6.6,0.26,0.29,1.4,0.039,13,67,0.9915,3.05,0.49,10.9,6,white
1942,6.4,0.26,0.42,9.7,0.044,30,140,0.9962,3.18,0.47,9.1,6,white
3301,7.9,0.29,0.36,11.1,0.033,43,208,0.9969,3.14,0.46,10.3,5,white
2384,7.2,0.23,0.19,13.7,0.052,47,197,0.99865,3.12,0.53,9,5,white
1553,6.3,0.68,0.01,3.7,0.103,32,54,0.99586,3.51,0.66,11.3,6,red
9,7.8,0.58,0.02,2,0.073,9,18,0.9968,3.36,0.57,9.5,7,red
3115,7.3,0.155,0.49,1.3,0.039,34,136,0.9926,3.14,0.77,10.5,6,white
445,5.3,0.57,0.01,1.7,0.054,5,27,0.9934,3.57,0.84,12.5,7,red
615,9.2,0.755,0.18,2.2,0.148,10,103,0.9969,2.87,1.36,10.2,6,red
1659,7.4,0.2,0.36,1.2,0.038,44,111,0.9926,3.36,0.34,9.9,6,white
148,7.6,0.49,0.26,1.6,0.236,10,88,0.9968,3.11,0.8,9.3,5,red
950,8.9,0.12,0.45,1.8,0.075,10,21,0.99552,3.41,0.76,11.9,7,red
5940,7.3,0.19,0.27,13.9,0.057,45,155,0.99807,2.94,0.41,8.8,8,white
2958,6.8,0.35,0.32,2.4,0.048,35,103,0.9911,3.28,0.46,12,8,white
4935,6.9,0.38,0.29,13.65,0.048,52,189,0.99784,3,0.6,9.5,6,white
2189,7,0.23,0.33,5.8,0.04,25,136,0.995,3.19,0.58,9.5,6,white
1087,8.5,0.34,0.4,4.7,0.055,3,9,0.99738,3.38,0.66,11.6,7,red
4448,6.6,0.31,0.07,1.5,0.033,55,144,0.99208,3.16,0.42,10,5,white
762,9.3,0.655,0.26,2,0.096,5,35,0.99738,3.25,0.42,9.6,5,red
1080,7.9,0.3,0.68,8.3,0.05,37.5,278,0.99316,3.01,0.51,12.3,7,red
440,7,0.62,0.18,1.5,0.062,7,50,0.9951,3.08,0.6,9.3,5,red
4086,6.7,0.24,0.32,10.3,0.079,37,122,0.99662,3.02,0.45,8.8,5,white
3451,6.1,0.34,0.46,4.7,0.029,21,94,0.991,3.29,0.62,12.3,6,white
4919,5.1,0.21,0.28,1.4,0.047,48,148,0.99168,3.5,0.49,10.4,5,white
1318,9.9,0.44,0.46,2.2,0.091,10,41,0.99638,3.18,0.69,11.9,6,red
5749,5.8,0.24,0.28,1.4,0.038,40,76,0.98711,3.1,0.29,13.9,7,white
4484,7,0.28,0.32,7.75,0.032,30,114,0.99158,3.12,0.64,12.8,7,white
1254,7.9,0.66,0,1.4,0.096,6,13,0.99569,3.43,0.58,9.5,5,red
5819,7,0.44,0.24,12.1,0.056,68,210,0.99718,3.05,0.5,9.5,5,white
491,9.3,0.775,0.27,2.8,0.078,24,56,0.9984,3.31,0.67,10.6,6,red
5163,7,0.48,0.12,4.5,0.05,23,86,0.99398,2.86,0.35,9,5,white
2626,6.6,0.14,0.44,1.6,0.042,47,140,0.993,3.32,0.51,10.2,6,white
458,9.2,0.63,0.21,2.7,0.097,29,65,0.9988,3.28,0.58,9.6,5,red
1066,7.7,0.61,0.18,2.4,0.083,6,20,0.9963,3.29,0.6,10.2,6,red
1003,9.1,0.29,0.33,2.05,0.063,13,27,0.99516,3.26,0.84,11.7,7,red
2987,6.6,0.42,0.33,2.8,0.034,15,85,0.99,3.28,0.51,13.4,6,white
2900,9,0.245,0.38,5.9,0.045,52,159,0.995,2.93,0.35,10.2,6,white
3986,6.9,0.3,0.29,1.3,0.053,24,189,0.99362,3.29,0.54,9.9,4,white
4452,7.9,0.2,0.39,1,0.041,37,154,0.99093,3.08,0.43,11.9,5,white
2522,7.7,0.32,0.62,10.6,0.036,56,153,0.9978,3.13,0.44,8.9,6,white
3575,6.8,0.27,0.35,7.8,0.048,76,197,0.9959,3.24,0.43,9.5,6,white
2834,7.7,0.26,0.31,1.3,0.043,47,155,0.9937,3.42,0.5,10.1,6,white
3397,6.9,0.25,0.27,9.05,0.039,37,128,0.9936,3.27,0.34,11.3,8,white
2821,5.9,0.4,0.32,6,0.034,50,127,0.992,3.51,0.58,12.5,7,white
4050,6.6,0.56,0.15,10,0.037,38,157,0.99642,3.28,0.52,9.4,5,white
5406,7,0.39,0.21,10.7,0.098,13,91,0.99657,3.03,0.47,9.3,5,white
6379,6,0.59,0,0.8,0.037,30,95,0.99032,3.1,0.4,10.9,4,white
2607,5.1,0.52,0.06,2.7,0.052,30,79,0.9932,3.32,0.43,9.3,5,white
866,7.2,0.635,0.07,2.6,0.077,16,86,0.99748,3.51,0.54,9.7,5,red
2118,5.9,0.13,0.28,1.9,0.05,20,78,0.9918,3.43,0.64,10.8,6,white
4576,6.8,0.32,0.39,9.6,0.026,34,124,0.99286,3.18,0.35,12.1,6,white
6328,7.2,0.21,0.31,10.5,0.035,36,122,0.99478,3.12,0.4,10.6,6,white
5078,6.2,0.36,0.45,10.4,0.06,22,184,0.99711,3.31,0.56,9.8,6,white
5987,7.1,0.21,0.33,1.2,0.039,34,97,0.99112,3.11,0.75,11.2,6,white
3867,6.6,0.19,0.43,10.9,0.045,53,154,0.99752,3.52,0.77,10.4,6,white
4118,7.1,0.12,0.3,3.1,0.018,15,37,0.99004,3.02,0.52,11.9,7,white
5305,7.5,0.24,0.31,13.1,0.05,26,180,0.99884,3.05,0.53,9.1,6,white
2065,6.3,0.21,0.58,10,0.081,34,126,0.9962,2.95,0.46,8.9,5,white
4346,7,0.34,0.3,1.8,0.045,44,142,0.9914,2.99,0.45,10.8,6,white
5169,8,0.25,0.27,9.7,0.036,15,85,0.99406,2.99,0.36,11.2,6,white
3659,5.7,0.46,0.46,1.4,0.04,31,169,0.9932,3.13,0.47,8.8,5,white
6240,6,0.24,0.41,1.3,0.036,42,118,0.99018,3.04,0.64,11.75,6,white
2232,6.9,0.24,0.33,4.8,0.04,16,131,0.9936,3.26,0.64,10.7,6,white
2469,7.3,0.24,0.29,1.2,0.037,37,97,0.9926,3.19,0.7,10.1,6,white
651,10.7,0.43,0.39,2.2,0.106,8,32,0.9986,2.89,0.5,9.6,5,red
1583,6.1,0.715,0.1,2.6,0.053,13,27,0.99362,3.57,0.5,11.9,5,red
43,7.5,0.49,0.2,2.6,0.332,8,14,0.9968,3.21,0.9,10.5,6,red
3802,7.1,0.26,0.19,8.2,0.051,53,187,0.996,3.16,0.52,9.7,5,white
4281,7.2,0.19,0.27,11.2,0.061,46,149,0.99772,2.99,0.59,9.3,6,white
1925,7.5,0.27,0.31,5.8,0.057,131,313,0.9946,3.18,0.59,10.5,5,white
4048,6.6,0.26,0.27,1.5,0.04,19,114,0.99295,3.36,0.62,10.5,6,white
5801,6.7,0.41,0.27,2.6,0.033,25,85,0.99086,3.05,0.34,11.7,6,white
5465,6,0.31,0.38,4.8,0.04,41,101,0.98968,3.24,0.56,13.1,6,white
197,7.3,0.58,0.3,2.4,0.074,15,55,0.9968,3.46,0.59,10.2,5,red
680,10.8,0.26,0.45,3.3,0.06,20,49,0.9972,3.13,0.54,9.6,5,red
4096,8.6,0.23,0.25,11.3,0.031,13,96,0.99645,3.11,0.4,10.8,5,white
5304,7.5,0.24,0.31,13.1,0.05,26,180,0.99884,3.05,0.53,9.1,6,white
6157,6.1,0.37,0.46,12,0.042,61,210,0.997,3.17,0.59,9.7,6,white
6437,6.5,0.28,0.38,7.8,0.031,54,216,0.99154,3.03,0.42,13.1,6,white
166,7.8,0.63,0.48,1.7,0.1,14,96,0.9961,3.19,0.62,9.5,5,red
3531,7.1,0.49,0.22,2,0.047,146.5,307.5,0.9924,3.24,0.37,11,3,white
312,7.9,0.53,0.24,2,0.072,15,105,0.996,3.27,0.54,9.4,6,red
5325,6.6,0.26,0.28,9.4,0.028,13,121,0.99254,3.17,0.34,12.1,6,white
4505,7.6,0.31,0.26,1.7,0.073,40,157,0.9938,3.1,0.46,9.8,5,white
3715,6.5,0.22,0.25,17.1,0.05,44,138,1.0001,3.3,0.37,8.8,5,white
3328,6.8,0.3,0.24,6.6,0.123,35,116,0.9953,3.07,0.48,9.4,5,white
1804,5.8,0.28,0.35,2.3,0.053,36,114,0.9924,3.28,0.5,10.2,4,white
391,5.6,0.85,0.05,1.4,0.045,12,88,0.9924,3.56,0.82,12.9,8,red
2924,6.9,0.16,0.35,1.3,0.043,21,182,0.9927,3.25,0.62,10.8,6,white
4288,7.2,0.19,0.27,11.2,0.061,46,149,0.99772,2.99,0.59,9.3,6,white
5439,6.2,0.31,0.23,3.3,0.052,34,113,0.99429,3.16,0.48,8.4,5,white
5233,6.6,0.3,0.25,8,0.036,21,124,0.99362,3.06,0.38,10.8,6,white
3014,5.8,0.17,0.3,1.4,0.037,55,130,0.9909,3.29,0.38,11.3,6,white
6025,6.1,0.22,0.5,6.6,0.045,30,122,0.99415,3.22,0.49,9.9,6,white
498,7.2,0.34,0.32,2.5,0.09,43,113,0.9966,3.32,0.79,11.1,5,red
5563,6,0.34,0.32,3.8,0.044,13,116,0.99108,3.39,0.44,11.8,7,white
168,7.3,0.55,0.03,1.6,0.072,17,42,0.9956,3.37,0.48,9,4,red
3758,7.4,0.18,0.27,1.3,0.048,26,105,0.994,3.52,0.66,10.6,6,white
4564,5.8,0.19,0.24,1.3,0.044,38,128,0.99362,3.77,0.6,10.6,5,white
1998,5.9,0.26,0.27,18.2,0.048,52,168,0.9993,3.35,0.44,9.4,5,white
5556,5.4,0.24,0.18,2.3,0.05,22,145,0.99207,3.24,0.46,10.3,5,white
972,10.4,0.26,0.48,1.9,0.066,6,10,0.99724,3.33,0.87,10.9,6,red
6223,6.6,0.4,0.3,5.3,0.038,20,125,0.99204,3.36,0.73,12.6,6,white
1156,8.3,0.6,0.25,2.2,0.118,9,38,0.99616,3.15,0.53,9.8,5,red
4233,7.2,0.24,0.27,11.4,0.034,40,174,0.99773,3.2,0.44,9,5,white
2879,6.6,0.27,0.3,1.9,0.025,14,153,0.9928,3.29,0.62,10.5,6,white
3166,7.6,0.18,0.49,18.05,0.046,36,158,0.9996,3.06,0.41,9.2,5,white
1509,7.1,0.27,0.6,2.1,0.074,17,25,0.99814,3.38,0.72,10.6,6,red
3396,7.1,0.37,0.32,1.4,0.037,27,126,0.9918,3.19,0.62,12,5,white
946,10.2,0.44,0.42,2,0.071,7,20,0.99566,3.14,0.79,11.1,7,red
634,10.1,0.935,0.22,3.4,0.105,11,86,1.001,3.43,0.64,11.3,4,red
55,7.6,0.51,0.15,2.8,0.11,33,73,0.9955,3.17,0.63,10.2,6,red
138,7.2,0.415,0.36,2,0.081,13,45,0.9972,3.48,0.64,9.2,5,red
1769,9.8,0.42,0.48,9.85,0.034,5,110,0.9958,2.87,0.29,10,5,white
5753,6.1,0.3,0.47,1.4,0.049,50,187,0.9927,3.19,0.45,9.5,5,white
3751,7.7,0.28,0.35,15.3,0.056,31,117,0.9998,3.27,0.5,9.6,5,white
3939,7,0.23,0.26,7.2,0.041,21,90,0.99509,3.22,0.55,9.5,6,white
3330,9.2,0.23,0.3,1.1,0.031,40,99,0.9929,2.94,0.3,10.4,6,white
5309,6.7,0.31,0.09,1.4,0.039,53,141,0.99206,3.12,0.44,10.1,5,white
1088,7.9,0.19,0.42,1.6,0.057,18,30,0.994,3.29,0.69,11.2,6,red
6243,6.5,0.21,0.35,5.7,0.043,47,197,0.99392,3.24,0.5,10.1,6,white
3033,7.1,0.29,0.49,1.2,0.031,32,99,0.9893,3.07,0.33,12.2,6,white
4850,6.7,0.13,0.45,4.2,0.043,52,131,0.99162,3.06,0.54,11.3,6,white
6066,6.2,0.32,0.24,4.1,0.051,34,149,0.99306,3.36,0.52,11,5,white
6323,6.4,0.42,0.46,8.4,0.05,58,180,0.99495,3.18,0.46,9.7,6,white
2888,7.2,0.32,0.33,1.4,0.029,29,109,0.9902,3.15,0.51,12.8,7,white
5023,7.1,0.18,0.39,14.5,0.051,48,156,0.99947,3.35,0.78,9.1,5,white
6301,6.4,0.69,0.09,7.6,0.044,34,144,0.9948,3.26,0.38,10.1,6,white
5524,8.6,0.31,0.3,0.9,0.045,16,109,0.99249,2.95,0.39,10.1,5,white
5288,7.1,0.21,0.35,2.5,0.04,41,186,0.99128,3.32,0.56,12.5,6,white
5512,6.5,0.33,0.3,3.8,0.036,34,88,0.99028,3.25,0.63,12.5,7,white
3561,9.5,0.21,0.47,1.3,0.039,21,123,0.9959,2.9,0.64,9.5,5,white
1169,6.5,0.34,0.27,2.8,0.067,8,44,0.99384,3.21,0.56,12,6,red
6388,6.4,0.31,0.31,12.9,0.045,55,161,0.99546,3.02,0.59,10.2,5,white
364,12.5,0.46,0.63,2,0.071,6,15,0.9988,2.99,0.87,10.2,5,red
5326,4.8,0.17,0.28,2.9,0.03,22,111,0.9902,3.38,0.34,11.3,7,white
6291,6.9,0.19,0.31,19.25,0.043,38,167,0.99954,2.93,0.52,9.1,7,white
1742,7.9,0.21,0.4,1.2,0.039,38,107,0.992,3.21,0.54,10.8,6,white
5820,6,0.19,0.29,1.2,0.046,29,92,0.99033,3.22,0.53,11.3,6,white
2192,6.9,0.41,0.33,10.1,0.043,28,152,0.9968,3.2,0.52,9.4,5,white
2499,6.8,0.18,0.28,8.5,0.047,52,242,0.9952,3.22,0.53,10.5,6,white
4892,6.6,0.28,0.41,7,0.046,59,194,0.99558,3.14,0.48,9.4,5,white
1793,6.6,0.15,0.34,5.1,0.055,34,125,0.9942,3.36,0.42,9.6,5,white
2527,6.7,0.25,0.33,2.9,0.057,52,173,0.9934,3.02,0.48,9.5,7,white
4976,6.6,0.18,0.28,1.7,0.041,53,161,0.99207,3.13,0.45,10.2,6,white
4609,6.5,0.2,0.5,18.1,0.054,50,221,0.99941,2.94,0.64,8.8,6,white
2739,9,0.31,0.49,6.9,0.034,26,91,0.9937,2.99,0.34,11.5,5,white
2677,7.8,0.26,0.44,1.3,0.037,43,132,0.9944,3.18,0.65,10,5,white
6048,7.3,0.3,0.25,2.5,0.045,32,122,0.99329,3.18,0.54,10.3,5,white
3279,6.4,0.35,0.2,5.7,0.034,18,117,0.9944,3.33,0.43,10.1,5,white
514,10.5,0.51,0.64,2.4,0.107,6,15,0.9973,3.09,0.66,11.8,7,red
2882,7.4,0.31,0.74,10.7,0.039,51,147,0.9977,3.02,0.43,8.7,5,white
6335,6,0.17,0.36,1.7,0.042,14,61,0.99144,3.22,0.54,10.8,6,white
2759,7.8,0.3,0.29,16.85,0.054,23,135,0.9998,3.16,0.38,9,6,white
385,7.7,0.51,0.28,2.1,0.087,23,54,0.998,3.42,0.74,9.2,5,red
1637,7,0.33,0.32,1.2,0.053,38,138,0.9906,3.13,0.28,11.2,6,white
259,7.7,0.41,0.76,1.8,0.611,8,45,0.9968,3.06,1.26,9.4,5,red
1336,6.6,0.58,0.02,2.4,0.069,19,40,0.99387,3.38,0.66,12.6,6,red
4051,6.6,0.56,0.15,10,0.037,38,157,0.99642,3.28,0.52,9.4,5,white
4307,6.5,0.23,0.36,16.3,0.038,43,133,0.99924,3.26,0.41,8.8,5,white
156,7.1,0.43,0.42,5.5,0.071,28,128,0.9973,3.42,0.71,10.5,5,red
631,8.7,0.54,0.26,2.5,0.097,7,31,0.9976,3.27,0.6,9.3,6,red
531,9.1,0.22,0.24,2.1,0.078,1,28,0.999,3.41,0.87,10.3,6,red
4563,7.5,0.38,0.29,4.9,0.021,38,113,0.99026,3.08,0.48,13,7,white
1896,8.3,0.39,0.7,10.6,0.045,33,169,0.9976,3.09,0.57,9.4,5,white
3962,6.5,0.18,0.29,1.7,0.035,39,144,0.9927,3.49,0.5,10.5,6,white
1216,8.8,0.27,0.46,2.1,0.095,20,29,0.99488,3.26,0.56,11.3,6,red
420,6.8,0.77,0,1.8,0.066,34,52,0.9976,3.62,0.68,9.9,5,red
5946,6.7,0.27,0.69,1.2,0.176,36,106,0.99288,2.96,0.43,9.2,6,white
5641,6.2,0.24,0.22,7.9,0.053,45,149,0.99545,3.23,0.52,9.3,5,white
4849,6.4,0.23,0.35,4.6,0.039,43,147,0.99216,3.18,0.4,11,7,white
2580,6,0.19,0.71,1.5,0.152,9,55,0.9927,3.12,0.46,9.8,6,white
1248,7.4,0.55,0.19,1.8,0.082,15,34,0.99655,3.49,0.68,10.5,5,red
4955,5.3,0.32,0.23,9.65,0.026,26,119,0.99168,3.18,0.53,12.2,6,white
1623,7.6,0.67,0.14,1.5,0.074,25,168,0.9937,3.05,0.51,9.3,5,white
5065,6.8,0.19,0.34,1.9,0.04,41,108,0.99,3.25,0.45,12.9,6,white
2324,7.8,0.3,0.4,1.8,0.028,23,122,0.9914,3.14,0.39,10.9,7,white
845,9.9,0.25,0.46,1.7,0.062,26,42,0.9959,3.18,0.83,10.6,6,red
996,7.7,0.6,0.06,2,0.079,19,41,0.99697,3.39,0.62,10.1,6,red
4082,6.2,0.26,0.37,7.1,0.047,54,201,0.99523,3.19,0.48,9.5,6,white
5030,7.1,0.17,0.4,14.55,0.047,47,156,0.99945,3.34,0.78,9.1,6,white
3904,7.5,0.42,0.2,1.4,0.06,15,168,0.9944,3.06,0.4,9.4,6,white
3348,8,0.27,0.24,1.2,0.044,20,102,0.9929,3.28,0.42,10.9,5,white
3771,7.4,0.19,0.3,12.8,0.053,48.5,229,0.9986,3.14,0.49,9.1,7,white
2789,7.6,0.26,0.47,1.6,0.068,5,55,0.9944,3.1,0.45,9.6,5,white
1575,5.6,0.31,0.78,13.9,0.074,23,92,0.99677,3.39,0.48,10.5,6,red
6002,6.8,0.43,0.26,5.2,0.043,40,176,0.99116,3.17,0.41,12.3,6,white
5348,6.2,0.24,0.25,12.5,0.055,47,134,0.99758,3.3,0.51,9,5,white
2404,7.3,0.32,0.34,6.6,0.032,24,112,0.99505,3.22,0.46,9.8,6,white
6137,8.3,0.18,0.37,1.2,0.049,6,94,0.9937,3.18,0.52,10.1,5,white
5623,7.6,0.19,0.37,13.1,0.033,52,151,0.99726,3.18,0.79,10.4,6,white
5338,5.6,0.26,0.18,1.4,0.034,18,135,0.99174,3.32,0.35,10.2,6,white
793,7.1,0.61,0.02,2.5,0.081,17,87,0.99745,3.48,0.6,9.7,6,red
6279,4.7,0.335,0.14,1.3,0.036,69,168,0.99212,3.47,0.46,10.5,5,white
3180,9.8,0.31,0.49,15.4,0.046,13,119,1.0004,3.18,0.45,9.5,5,white
2552,6.5,0.17,0.33,1.4,0.028,14,99,0.9928,3.23,0.55,10.1,6,white
3838,6.1,0.15,0.29,6.2,0.046,39,151,0.99471,3.6,0.44,10.6,6,white
6110,6.8,0.33,0.3,2.1,0.047,35,147,0.9886,3.24,0.56,13.4,6,white
4305,6.7,0.26,0.39,6.4,0.171,64,200,0.99562,3.19,0.38,9.4,6,white
6134,6.4,0.24,0.27,1.5,0.04,35,105,0.98914,3.13,0.3,12.4,6,white
3416,6.7,0.27,0.3,13.9,0.029,34,131,0.9953,3.36,0.5,12,7,white
5205,6.7,0.35,0.48,8.8,0.056,35,167,0.99628,3.04,0.47,9.4,5,white
4261,7.2,0.3,0.26,1.5,0.041,46,178,0.99154,3.19,0.56,11.3,6,white
3449,7,0.24,0.25,1.7,0.042,48,189,0.992,3.25,0.42,11.4,6,white
6214,7.1,0.33,0.18,6.3,0.094,27,166,0.99474,2.9,0.49,9.5,5,white
2039,6.2,0.35,0.04,1.2,0.06,23,108,0.9934,3.26,0.54,9.2,5,white
2041,6.1,0.38,0.2,6.6,0.033,25,137,0.9938,3.3,0.69,10.4,6,white
4315,7.8,0.25,0.28,7.2,0.04,46,179,0.99541,3.14,0.6,10.1,6,white
1989,7,0.3,0.38,14.9,0.032,60,181,0.9983,3.18,0.61,9.3,7,white
4589,6.2,0.16,0.32,1.1,0.036,74,184,0.99096,3.22,0.41,11,6,white
277,6.9,0.54,0.04,3,0.077,7,27,0.9987,3.69,0.91,9.4,6,red
3754,9.8,0.93,0.45,8.6,0.052,34,187,0.9994,3.12,0.59,10.2,4,white
669,10,0.73,0.43,2.3,0.059,15,31,0.9966,3.15,0.57,11,5,red
2057,7.1,0.21,0.27,8.6,0.056,26,111,0.9956,2.95,0.52,9.5,5,white
5455,5.9,0.18,0.29,4.6,0.032,68,137,0.99159,3.21,0.38,11.3,6,white
1753,7.2,0.18,0.41,1.2,0.048,41,97,0.9919,3.14,0.45,10.4,5,white
1130,10.5,0.43,0.35,3.3,0.092,24,70,0.99798,3.21,0.69,10.5,6,red
4741,5.9,0.33,0.32,8.1,0.038,9,34,0.9911,3.22,0.36,12.7,7,white
5235,5.8,0.58,0,1.5,0.02,33,96,0.98918,3.29,0.38,12.4,6,white
1269,6.9,0.41,0.31,2,0.079,21,51,0.99668,3.47,0.55,9.5,6,red
1790,6.6,0.28,0.28,8.5,0.052,55,211,0.9962,3.09,0.55,8.9,6,white
2550,7.6,0.345,0.26,1.9,0.043,15,134,0.9936,3.08,0.38,9.5,5,white
5735,5.9,0.26,0.24,2.4,0.046,27,132,0.99234,3.63,0.73,11.3,5,white
5688,7.3,0.25,0.27,3.8,0.047,16,79,0.99173,3.07,0.46,11.3,6,white
6395,6.4,0.105,0.29,1.1,0.035,44,140,0.99142,3.17,0.55,10.7,7,white
3311,7,0.2,0.3,6.1,0.037,31,120,0.9939,3.24,0.51,10.8,5,white
3898,6.3,0.41,0.18,3.5,0.027,23,109,0.99018,3.34,0.54,12.8,8,white
4895,6.6,0.28,0.41,7,0.046,59,194,0.99558,3.14,0.48,9.4,5,white
1817,5.8,0.26,0.24,9.2,0.044,55,152,0.9961,3.31,0.38,9.4,5,white
2024,6.9,0.23,0.38,8.3,0.047,47,162,0.9954,3.34,0.52,10.5,7,white
3086,6.2,0.15,0.49,0.9,0.033,17,51,0.9932,3.3,0.7,9.4,6,white
2652,7.6,0.29,0.42,1.3,0.035,18,86,0.9908,2.99,0.39,11.3,5,white
4171,7,0.16,0.32,1.1,0.032,29,80,0.98972,3.23,0.36,12.1,6,white
5889,6.6,0.26,0.27,11.8,0.048,28,112,0.99606,2.87,0.49,9.7,6,white
1223,8.1,0.53,0.22,2.2,0.078,33,89,0.99678,3.26,0.46,9.6,6,red
5191,6.4,0.28,0.36,1.3,0.053,28,186,0.99211,3.31,0.45,10.8,5,white
2651,6.9,0.21,0.81,1.1,0.137,52,123,0.9932,3.03,0.39,9.2,6,white
2194,6.4,0.475,0.06,1,0.03,9,131,0.9904,2.97,0.29,10.8,5,white
1016,10.5,0.39,0.46,2.2,0.075,14,27,0.99598,3.06,0.84,11.4,6,red
2306,6.2,0.31,0.21,6.3,0.041,50,218,0.9941,3.15,0.6,10,5,white
4293,6.7,0.23,0.25,1.6,0.036,28,143,0.99256,3.3,0.54,10.3,6,white
5174,8.1,0.17,0.21,1.6,0.036,24,119,0.99396,3.18,0.52,10.1,6,white
956,8.5,0.21,0.52,1.9,0.09,9,23,0.99648,3.36,0.67,10.4,5,red
2776,6.3,0.32,0.35,11.1,0.039,29,198,0.9984,3.36,0.5,9.4,7,white
4639,6.3,0.27,0.29,12.2,0.044,59,196,0.99782,3.14,0.4,8.8,6,white
3819,6.5,0.24,0.36,2.2,0.027,36,134,0.9898,3.28,0.36,12.5,7,white
1226,9.2,0.46,0.23,2.6,0.091,18,77,0.99922,3.15,0.51,9.4,5,red
4677,6.2,0.25,0.38,7.9,0.045,54,208,0.99572,3.17,0.46,9.1,5,white
1527,6.8,0.47,0.08,2.2,0.064,18,38,0.99553,3.3,0.65,9.6,6,red
1848,5.6,0.19,0.26,1.4,0.03,12,76,0.9905,3.25,0.37,10.9,7,white
3007,7.1,0.19,0.28,3.6,0.033,16,78,0.993,2.91,0.78,11.4,6,white
1030,7.7,0.58,0.01,1.8,0.088,12,18,0.99568,3.32,0.56,10.5,7,red
5069,7.6,0.22,0.28,12,0.056,68,143,0.9983,2.99,0.3,9.2,6,white
5829,6.3,0.26,0.25,5.2,0.046,11,133,0.99202,2.97,0.68,11,6,white
553,9.5,0.46,0.24,2.7,0.092,14,44,0.998,3.12,0.74,10,6,red
5701,6.9,0.37,0.23,9.5,0.057,54,166,0.99568,3.23,0.42,10,5,white
2337,6.9,0.38,0.25,9.8,0.04,28,191,0.9971,3.28,0.61,9.2,5,white
2516,7.4,0.13,0.39,4.7,0.042,36,137,0.995,3.36,0.56,10.3,7,white
5911,7.1,0.23,0.28,1.9,0.046,33,103,0.98997,3.12,0.31,12,5,white
2978,6.9,0.28,0.3,1.6,0.047,46,132,0.9918,3.35,0.38,11.1,7,white
4658,6.2,0.25,0.38,7.9,0.045,54,208,0.99572,3.17,0.46,9.1,5,white
5747,6.8,0.18,0.35,5.4,0.054,53,143,0.99287,3.1,0.54,11,7,white
6230,5.7,0.25,0.32,12.2,0.041,43,127,0.99524,3.23,0.53,10.4,7,white
6423,6.5,0.28,0.34,4.6,0.054,22,130,0.99193,3.2,0.46,12,7,white
6481,5,0.235,0.27,11.75,0.03,34,118,0.9954,3.07,0.5,9.4,6,white
5389,6.6,0.26,0.52,8.2,0.047,52,191,0.99541,3.16,0.47,9.5,6,white
2060,7.1,0.21,0.27,8.6,0.056,26,111,0.9956,2.95,0.52,9.5,5,white
1166,8.5,0.44,0.5,1.9,0.369,15,38,0.99634,3.01,1.1,9.4,5,red
994,7.1,0.34,0.28,2,0.082,31,68,0.99694,3.45,0.48,9.4,5,red
2868,7.6,0.31,0.29,10.5,0.04,21,145,0.9966,3.04,0.35,9.4,5,white
2628,7,0.24,0.35,1.5,0.052,51,128,0.9941,3.41,0.59,10.4,7,white
3225,6.4,0.26,0.49,6.4,0.037,37,161,0.9954,3.38,0.53,9.7,6,white
4805,6.8,0.45,0.36,5,0.033,28,156,0.991,3.11,0.4,12.4,7,white
6165,5.8,0.28,0.66,9.1,0.039,26,159,0.9965,3.66,0.55,10.8,5,white
2401,6,0.28,0.49,6.8,0.048,61,222,0.9953,3.19,0.47,9.3,5,white
4762,6.8,0.39,0.34,7.4,0.02,38,133,0.99212,3.18,0.44,12,7,white
4117,7.3,0.51,0.29,11.3,0.034,61,224,0.99683,3.14,0.56,9.5,6,white
4508,6.2,0.2,0.31,1,0.031,22,73,0.99035,3.24,0.52,11.3,6,white
3817,8.1,0.25,0.38,3.8,0.051,18,129,0.9928,3.21,0.38,11.5,6,white
42,8.8,0.61,0.3,2.8,0.088,17,46,0.9976,3.26,0.51,9.3,4,red
1696,6,0.34,0.66,15.9,0.046,26,164,0.9979,3.14,0.5,8.8,6,white
5803,6.2,0.3,0.32,1.3,0.054,27,183,0.99266,3.3,0.43,10.1,5,white
5026,7.1,0.17,0.4,14.55,0.047,47,156,0.99945,3.34,0.78,9.1,6,white
2828,9.4,0.26,0.53,1.2,0.047,25,109,0.9921,3.23,0.28,12.5,6,white
5343,7,0.15,0.28,14.7,0.051,29,149,0.99792,2.96,0.39,9,7,white
2902,7.4,0.19,0.42,6.4,0.067,39,212,0.9958,3.3,0.33,9.6,6,white
2724,9.6,0.23,0.4,1.5,0.044,19,135,0.9937,2.96,0.49,10.9,5,white
5328,6.2,0.2,0.33,5.4,0.028,21,75,0.99012,3.36,0.41,13.5,7,white
716,7.2,0.49,0.18,2.7,0.069,13,34,0.9967,3.29,0.48,9.2,6,red
5450,6.7,0.24,0.32,9,0.023,20,109,0.99262,3.34,0.35,12.6,6,white
1780,6.4,0.33,0.31,5.5,0.048,42,173,0.9951,3.19,0.66,9.3,6,white
4786,8.7,0.3,0.59,1.7,0.046,10,70,0.99373,3.06,0.56,10.8,4,white
4348,5.8,0.17,0.34,1.8,0.045,96,170,0.99035,3.38,0.9,11.8,8,white
5546,6,0.3,0.33,2.1,0.042,31,127,0.98964,3.32,0.42,12.5,6,white
3382,8.5,0.21,0.26,9.25,0.034,73,142,0.9945,3.05,0.37,11.4,6,white
3184,6.4,0.25,0.74,7.8,0.045,52,209,0.9956,3.21,0.42,9.2,6,white
4432,6.6,0.17,0.3,1.1,0.031,13,73,0.99095,3.17,0.58,11,6,white
5745,6.8,0.26,0.29,11.9,0.052,54,160,0.99546,3.03,0.58,10.4,6,white
3274,6.8,0.22,0.29,8.9,0.046,82,188,0.9955,3.3,0.44,10.3,6,white
1438,6.8,0.915,0.29,4.8,0.07,15,39,0.99577,3.53,0.54,11.1,5,red
2419,6.6,0.56,0.22,8.9,0.034,27,133,0.99675,3.2,0.51,9.1,5,white
5306,6.6,0.15,0.34,1,0.037,45,79,0.98949,2.96,0.5,11.7,6,white
2585,6,0.41,0.21,1.9,0.05,29,122,0.9928,3.42,0.52,10.5,6,white
466,10,0.29,0.4,2.9,0.098,10,26,1.0006,3.48,0.91,9.7,5,red
4375,7,0.36,0.32,10.05,0.045,37,131,0.99352,3.09,0.33,11.7,8,white
3336,6.1,0.22,0.23,3.1,0.052,15,104,0.9948,3.14,0.42,8.7,5,white
4625,5.4,0.22,0.29,1.2,0.045,69,152,0.99178,3.76,0.63,11,7,white
2843,7.1,0.44,0.37,2.7,0.041,35,128,0.9896,3.07,0.43,13.5,7,white
1665,6.2,0.35,0.03,1.2,0.064,29,120,0.9934,3.22,0.54,9.1,5,white
1321,9.7,0.66,0.34,2.6,0.094,12,88,0.99796,3.26,0.66,10.1,5,red
686,8.1,0.78,0.23,2.6,0.059,5,15,0.997,3.37,0.56,11.3,5,red
5780,6.5,0.31,0.61,13,0.053,31,123,0.99708,3.09,0.5,9.3,6,white
1451,7.2,0.37,0.32,2,0.062,15,28,0.9947,3.23,0.73,11.3,7,red
5773,7.1,0.34,0.86,1.4,0.174,36,99,0.99288,2.92,0.5,9.3,5,white
3055,6.9,0.34,0.74,11.2,0.069,44,150,0.9968,3,0.81,9.2,5,white
1262,6.3,1.02,0,2,0.083,17,24,0.99437,3.59,0.55,11.2,4,red
1927,6.4,0.34,0.23,6.3,0.039,37,143,0.9944,3.19,0.65,10,6,white
670,11.3,0.34,0.45,2,0.082,6,15,0.9988,2.94,0.66,9.2,6,red
607,9.4,0.41,0.48,4.6,0.072,10,20,0.9973,3.34,0.79,12.2,7,red
3856,7.1,0.14,0.35,1.4,0.039,24,128,0.99212,2.97,0.68,10.4,5,white
2256,9,0.27,0.35,4.9,0.028,27,95,0.9932,3.04,0.4,11.3,6,white
2569,5.5,0.42,0.09,1.6,0.019,18,68,0.9906,3.33,0.51,11.4,7,white
2517,7.7,0.3,0.32,1.6,0.037,23,124,0.9919,2.93,0.33,11,6,white
5429,7.1,0.44,0.23,5.8,0.035,24,100,0.99062,3.15,0.57,13.2,7,white
6205,6.5,0.29,0.32,3,0.036,38,93,0.9906,3.16,0.59,12,6,white
1239,8.1,0.73,0,2.5,0.081,12,24,0.99798,3.38,0.46,9.6,4,red
4334,7.1,0.29,0.28,9.3,0.048,50,141,0.9949,3.13,0.49,10.3,6,white
3601,6.7,0.31,0.08,1.3,0.038,58,147,0.9922,3.18,0.46,10,5,white
2056,6.3,0.23,0.31,1.5,0.022,11,82,0.9892,3.3,0.4,12.9,7,white
226,7.7,0.43,0.25,2.6,0.073,29,63,0.99615,3.37,0.58,10.5,6,red
3605,7,0.28,0.33,14.6,0.043,47,168,0.9994,3.34,0.67,8.8,6,white
1182,9.8,0.39,0.43,1.65,0.068,5,11,0.99478,3.19,0.46,11.4,5,red
1999,6.4,0.19,0.42,2.9,0.032,32,83,0.9908,3.3,0.41,11.7,6,white
5312,6.3,0.2,0.18,10.6,0.045,57,159,0.99666,3.09,0.54,9.2,5,white
5757,7.4,0.16,0.3,13.7,0.056,33,168,0.99825,2.9,0.44,8.7,7,white
4154,6.4,0.15,0.44,1.2,0.043,67,150,0.9907,3.14,0.73,11.2,7,white
3763,8.5,0.25,0.27,4.7,0.031,31,92,0.9922,3.01,0.33,12,6,white
2675,6.4,0.4,0.19,3.2,0.033,28,124,0.9904,3.22,0.54,12.7,7,white
2173,7.2,0.2,0.34,2.7,0.032,49,151,0.99,3.16,0.39,12.7,7,white
5473,7.6,0.37,0.51,11.7,0.094,58,181,0.99776,2.91,0.51,9,5,white
4231,6.7,0.28,0.28,2.4,0.012,36,100,0.99064,3.26,0.39,11.7,7,white
4979,7.6,0.36,0.49,11.3,0.046,87,221,0.9984,3.01,0.43,9.2,5,white
1777,5.9,0.23,0.3,12.9,0.054,57,170,0.9972,3.28,0.39,9.4,5,white
1851,8.5,0.26,0.21,16.2,0.074,41,197,0.998,3.02,0.5,9.8,3,white
4789,6.6,0.19,0.33,1.8,0.035,42,148,0.99196,3.15,0.36,10.2,5,white
5413,7,0.3,0.28,2.2,0.042,21,177,0.99166,3.2,0.57,11.4,5,white
1164,9,0.785,0.24,1.7,0.078,10,21,0.99692,3.29,0.67,10,5,red
5835,6.4,0.29,0.18,15,0.04,21,116,0.99736,3.14,0.5,9.2,5,white
2082,5.8,0.25,0.24,13.3,0.044,41,137,0.9972,3.34,0.42,9.5,5,white
618,11.5,0.31,0.51,2.2,0.079,14,28,0.9982,3.03,0.93,9.8,6,red
1243,9,0.4,0.41,2,0.058,15,40,0.99414,3.22,0.6,12.2,6,red
3284,7.3,0.26,0.33,17.85,0.049,41.5,195,1,3.06,0.44,9.1,7,white
6403,6.4,0.31,0.5,5.8,0.038,42,111,0.99189,3.18,0.53,11.9,7,white
3406,7.6,0.38,0.2,3.4,0.046,9,116,0.9944,3.15,0.41,9.4,5,white
1100,8.6,0.52,0.38,1.5,0.096,5,18,0.99666,3.2,0.52,9.4,5,red
3718,6.4,0.2,0.32,3.1,0.041,18,126,0.9914,3.43,0.42,12,6,white
3581,7.6,0.2,0.3,14.2,0.056,53,212.5,0.999,3.14,0.46,8.9,8,white
3669,7.1,0.33,0.25,1.6,0.03,25,126,0.9901,3.22,0.34,12.1,7,white
3741,7.7,0.28,0.35,15.3,0.056,31,117,0.9998,3.27,0.5,9.6,5,white
4754,7.2,0.4,0.38,2.2,0.03,40,109,0.99075,3.27,0.46,12.6,6,white
3579,7.5,0.38,0.5,12.8,0.042,57,184,0.9984,3.09,0.46,9,6,white
6200,8.3,0.22,0.34,1.1,0.043,20,116,0.9927,3,0.47,10.2,6,white
1167,9.9,0.54,0.26,2,0.111,7,60,0.99709,2.94,0.98,10.2,5,red
1974,5.1,0.33,0.22,1.6,0.027,18,89,0.9893,3.51,0.38,12.5,7,white
1722,7.4,0.16,0.31,6.85,0.059,31,131,0.9952,3.29,0.34,9.7,5,white
500,8.7,0.69,0.31,3,0.086,23,81,1.0002,3.48,0.74,11.6,6,red
5259,5.4,0.53,0.16,2.7,0.036,34,128,0.98856,3.2,0.53,13.2,8,white
3257,7.8,0.4,0.49,7.8,0.06,34,162,0.9966,3.26,0.58,11.3,6,white
4225,4.5,0.19,0.21,0.95,0.033,89,159,0.99332,3.34,0.42,8,5,white
5027,5.8,0.24,0.26,10.05,0.039,63,162,0.99375,3.33,0.5,11.2,6,white
1301,5.2,0.645,0,2.15,0.08,15,28,0.99444,3.78,0.61,12.5,6,red
1025,7.7,0.58,0.01,1.8,0.088,12,18,0.99568,3.32,0.56,10.5,7,red
4914,6.6,0.435,0.38,9.2,0.058,66,243,0.99833,3.23,0.54,9.1,6,white
5463,6.5,0.27,0.19,6.6,0.045,98,175,0.99364,3.16,0.34,10.1,6,white
6091,6.1,0.28,0.23,4.2,0.038,13,95,0.98898,2.97,0.7,13.1,6,white
5954,6.4,0.31,0.27,7.4,0.049,48,169,0.99323,3.27,0.45,11.1,6,white
4669,7,0.53,0.43,6.1,0.029,6,76,0.99118,3.08,0.5,12.5,8,white
2892,6.2,0.17,0.3,1.1,0.037,14,79,0.993,3.5,0.54,10.3,6,white
1946,5.6,0.34,0.1,1.3,0.031,20,68,0.9906,3.36,0.51,11.2,7,white
1040,8.9,0.5,0.21,2.2,0.088,21,39,0.99692,3.33,0.83,11.1,6,red
3555,6.4,0.29,0.28,11.1,0.063,66,169,0.9973,2.89,0.57,9,5,white
1984,6,0.36,0.39,3.2,0.027,20,125,0.991,3.38,0.39,11.3,7,white
5617,5.9,0.23,0.24,1.6,0.037,32,115,0.99076,3.21,0.51,11.4,6,white
1446,7.4,0.785,0.19,5.2,0.094,19,98,0.99713,3.16,0.52,9.6,6,red
4529,6.6,0.22,0.29,14.4,0.046,39,118,0.99834,3.05,0.5,9.1,6,white
6410,5.4,0.375,0.4,3.3,0.054,29,147,0.99482,3.42,0.52,9.1,5,white
133,5.6,0.5,0.09,2.3,0.049,17,99,0.9937,3.63,0.63,13,5,red
4618,6.8,0.22,0.31,6.9,0.037,33,121,0.99176,3.02,0.39,11.9,8,white
4687,6.1,0.2,0.34,9.5,0.041,38,201,0.995,3.14,0.44,10.1,3,white
3423,7.3,0.19,0.24,6.3,0.054,34,231,0.9964,3.36,0.54,10,6,white
4203,6.7,0.3,0.29,2.8,0.025,37,107,0.99159,3.31,0.63,11.3,7,white
4984,6.8,0.23,0.3,6.95,0.044,42,179,0.9946,3.25,0.56,10.6,6,white
3845,7.5,0.31,0.24,7.1,0.031,28,141,0.99397,3.16,0.38,10.6,7,white
733,7.3,0.835,0.03,2.1,0.092,10,19,0.9966,3.39,0.47,9.6,5,red
6330,7.9,0.3,0.6,1.85,0.048,13,106,0.99331,3.24,0.49,11.85,5,white
2513,5.8,0.29,0.05,0.8,0.038,11,30,0.9924,3.36,0.35,9.2,5,white
5852,6.7,0.11,0.26,14.8,0.053,44,95,0.99676,3.2,0.35,9.8,6,white
6236,6.5,0.51,0.25,1.7,0.048,39,177,0.99212,3.28,0.57,10.56666667,5,white
389,7.8,0.46,0.26,1.9,0.088,23,53,0.9981,3.43,0.74,9.2,6,red
2320,6.6,0.29,0.44,9,0.053,62,178,0.99685,3.02,0.45,8.9,5,white
292,11,0.2,0.48,2,0.343,6,18,0.9979,3.3,0.71,10.5,5,red
1692,6.9,0.24,0.33,1.7,0.035,47,136,0.99,3.26,0.4,12.6,7,white
2362,6.8,0.24,0.49,19.3,0.057,55,247,1.00055,3,0.56,8.7,5,white
1683,7.3,0.22,0.3,8.2,0.047,42,207,0.9966,3.33,0.46,9.5,6,white
4767,5.6,0.28,0.4,6.1,0.034,36,118,0.99144,3.21,0.43,12.1,7,white
3295,7.2,0.21,0.33,3,0.036,35,132,0.9928,3.25,0.4,11,6,white
3293,6.7,0.265,0.22,8.6,0.048,54,198,0.9955,3.25,0.41,10.2,5,white
720,7.1,0.66,0,3.9,0.086,17,45,0.9976,3.46,0.54,9.5,5,red
1926,7.9,0.26,0.41,15.15,0.04,38,216,0.9976,2.96,0.6,10,6,white
172,8,0.42,0.17,2,0.073,6,18,0.9972,3.29,0.61,9.2,6,red
5209,7,0.16,0.25,14.3,0.044,27,149,0.998,2.91,0.46,9.2,6,white
2509,7.5,0.24,0.31,13,0.049,46,217,0.9985,3.08,0.53,8.8,5,white
